business_unit_id,period_start,revenue,operating_margin_pct,productivity_index,avg_vacancy_days,quality_incidents,headcount
BU_01,2022-01-01,8608614.85360035,0.0747896111347389,1.087424219553215,29.7126068450767,9.65764820076806,4
BU_01,2022-02-01,8580526.212080618,0.06860772922223159,0.9805064485642284,35.41094851005284,9.565394288896824,5
BU_01,2022-03-01,8215612.540801075,0.042727333738783665,1.004088016773435,36.52976567422413,7.716257286148581,9
BU_01,2022-04-01,8787703.511234842,0.03353693324156547,0.967482344384696,38.74827288052827,5.284965850292551,9
BU_01,2022-05-01,8377253.339123217,0.06867433508699827,0.968474133602528,39.8087315173172,10.235816787365081,10
BU_01,2022-06-01,8336254.738165984,0.06004606598099241,1.0413002531241158,35.123442435044055,7.611574693816369,12
BU_01,2022-07-01,9951186.963608818,0.05969843779540914,0.9745414059032858,36.29187186296335,7.2618262093170305,13
BU_01,2022-08-01,9303819.310378231,0.07408897986784801,0.9778013781214427,30.286126653415838,8.29947665474969,17
BU_01,2022-09-01,9726744.48465246,0.050071556222255835,0.9816239761356506,35.38435980674481,8.337563881263048,19
BU_01,2022-10-01,10037568.808165455,0.058993207371643604,0.9462961005161383,36.294752256647605,7.653530216685908,24
BU_01,2022-11-01,10051677.721730396,0.06084048444868229,1.0164733222158906,33.64460719877499,8.146602194538831,27
BU_01,2022-12-01,10830844.05624444,0.07066147613509349,0.9970582175349862,35.28461073693326,8.500440447825811,32
BU_01,2023-01-01,11420773.711835636,0.05984457640883412,0.9577984439600874,36.46724687517232,6.133411399279362,37
BU_01,2023-02-01,11640425.959084472,0.056608436707679455,0.9500268856416413,30.847932028508104,7.095009937057548,39
BU_01,2023-03-01,11398419.173948819,0.052294594906241595,0.9901927942032795,37.063640218030606,9.128117192914074,41
BU_01,2023-04-01,11556330.853465846,0.06535717243722346,1.0920025586187188,36.04601389430543,9.98529739455882,43
BU_01,2023-05-01,12131134.213751812,0.0553016949908065,1.0013031635863143,33.81222745118198,9.456177123019868,50
BU_01,2023-06-01,12831788.440515399,0.041484793876343296,0.9729045519900934,38.14708657879253,7.07310681849507,53
BU_01,2023-07-01,13164992.33405886,0.05949315380513868,0.96704522590932,33.72581835270721,9.214599407786856,56
BU_01,2023-08-01,12765885.256043063,0.032156399061145355,0.9922063697445002,41.70475266648642,6.938682783219861,59
BU_01,2023-09-01,13513646.001375705,0.07037128718832525,0.9693795933864221,37.36476370024002,7.298615800135566,62
BU_01,2023-10-01,13728704.167773655,0.04986057808840459,0.9799579320835825,34.878062841095606,6.471498002449051,64
BU_01,2023-11-01,14141181.491934378,0.0649197974207677,1.0325135490927035,37.59253506306096,7.6252858357960625,67
BU_01,2023-12-01,14117586.460329274,0.06724424817533554,0.976458787203795,38.15838214490673,7.24028672170415,71
BU_01,2024-01-01,14917507.463963306,0.06891247027339141,1.029685640865397,31.75038895813144,9.708229047987647,73
BU_01,2024-02-01,15079486.244238585,0.0804974472373052,1.0443180575119013,34.402012798311816,6.1584172678778,73
BU_01,2024-03-01,15374074.65582828,0.05487061803192256,0.9756840560652773,33.10574623531957,8.993588045728263,75
BU_01,2024-04-01,15396897.244777262,0.05929397897571142,0.9343643739695527,42.802496461478746,10.42936759956119,77
BU_01,2024-05-01,14408259.859873097,0.06513380579776758,1.1085675154973331,29.39601293211419,7.589852429405581,80
BU_01,2024-06-01,16311425.928950714,0.057145555950527,0.9719328605754757,37.331767772413734,10.287423146632165,80
BU_01,2024-07-01,15552457.036112608,0.06399830649209669,1.0233928330846103,32.802755938374666,5.817297231803565,82
BU_01,2024-08-01,16046857.741779866,0.05107220097895253,1.015235941299003,32.156009923510474,9.983765100414718,85
BU_01,2024-09-01,16342470.151833413,0.06869047327080144,1.051737109302315,36.349224065741176,6.280441544959135,87
BU_01,2024-10-01,16383463.187134355,0.057632757155749906,1.0667027065898897,35.4693123843376,8.10217573553449,91
BU_01,2024-11-01,16196122.469273008,0.07279507916799971,1.0189636996125249,37.74455455397246,6.092950868280323,91
BU_01,2024-12-01,16821127.304309934,0.06003985808026254,1.0153807159710857,35.92410267999974,8.717363237553824,92
BU_01,2025-01-01,16388381.210881963,0.06121432514209079,1.0140884947572546,32.27529515790724,11.032164897276584,95
BU_01,2025-02-01,16883530.701147098,0.06661679440361104,1.029778380928751,38.650745187320915,7.282798260829872,97
BU_01,2025-03-01,17596148.6621117,0.057606192765996767,1.0167444261368117,35.18669033205569,5.830920808079082,101
BU_01,2025-04-01,17769030.600688454,0.04485414569438241,1.0408804166067422,31.945715360559298,7.434611122430844,101
BU_01,2025-05-01,18286476.106891744,0.07704511751375817,1.0900700278144806,32.09126532501092,9.354390114951793,101
BU_01,2025-06-01,17580611.948683247,0.07358657851017364,1.0357523524180616,33.71130887636365,8.638501184772059,103
BU_01,2025-07-01,17972603.636263404,0.05379316559058727,0.9921780318832113,40.57872655445379,12.409196391107407,104
BU_01,2025-08-01,17314665.160132445,0.05877083413235381,1.0704139343359877,25.902565117297843,8.030559299934161,104
BU_01,2025-09-01,18329356.114907503,0.03752036838763874,0.9964067460294046,37.29335002368996,10.068105093098046,104
BU_01,2025-10-01,17539535.914763402,0.06459718528591588,0.9802925380205226,37.04129441339635,5.2871591151065935,104
BU_01,2025-11-01,17705888.94571529,0.04639314831837396,1.0336527928071022,37.87653008685288,10.521595918468318,108
BU_01,2025-12-01,18105071.006708838,0.06373804051044998,1.0223553002651875,34.784767676903066,7.95198604606524,110
BU_02,2022-01-01,8862371.362815173,0.05958227216438243,1.0017002077410335,33.8474290446071,7.871509924979127,5
BU_02,2022-02-01,7836808.378595102,0.0583033765949665,1.017612362156067,39.927978021463815,5.57817246932245,7
BU_02,2022-03-01,8940413.380230572,0.061559181933223704,1.0684442840690909,30.312175456122347,7.069603483321313,7
BU_02,2022-04-01,8718851.647822306,0.061796882255896565,1.0089972653961792,31.145366586475554,7.578425308914918,9
BU_02,2022-05-01,9382856.39626437,0.04625785111091056,1.0281141195256918,27.958182854110937,8.758534404760994,10
BU_02,2022-06-01,8930643.324792912,0.07146606912374372,0.9593659735078578,33.494278281593246,7.810018819703949,11
BU_02,2022-07-01,9133535.569025327,0.04891375519158445,0.9569824850954061,43.68992637202605,11.29753694857993,12
BU_02,2022-08-01,7865885.880133719,0.06109773199149064,1.056719777106893,31.494028745081653,5.14417830777246,17
BU_02,2022-09-01,9877775.16307547,0.04741180172807961,0.9753814089358551,36.55140228294266,8.771776338399064,17
BU_02,2022-10-01,9810747.670287145,0.06791207390912288,1.0431005335690082,33.260655159945294,4.14776319615964,18
BU_02,2022-11-01,10364704.042757763,0.06295414395321351,1.0369731427075841,34.20294022395414,7.895600644131834,21
BU_02,2022-12-01,10246443.280811518,0.03914157416465587,0.9926497481010077,31.772111770119135,8.686816605716816,24
BU_02,2023-01-01,10346672.163780319,0.0675627288341303,1.0111640001785602,33.21822036715775,7.587056441144255,25
BU_02,2023-02-01,10561306.178269578,0.07606514343966847,1.0245506265414792,31.957722492392563,10.134574140944235,27
BU_02,2023-03-01,10990198.934113072,0.05571128651166959,0.9826966047113838,40.7107600648815,9.07564865176727,32
BU_02,2023-04-01,10626101.561867237,0.043695987832120864,1.0275020521248999,34.04236820708321,8.627434059166912,35
BU_02,2023-05-01,11350722.487725416,0.055565351671251095,1.0280406641976092,29.89348930620102,8.526388930039097,36
BU_02,2023-06-01,11969600.402183969,0.046490389029925056,0.9611566295328368,39.6596472728594,7.013746022138854,36
BU_02,2023-07-01,11239959.278587552,0.06708484501014389,0.9953138410049261,29.257479881955952,7.617518963111877,39
BU_02,2023-08-01,11871567.613171067,0.05351087579324463,0.9717882583678534,37.56412630555166,11.350549699138057,39
BU_02,2023-09-01,11175533.17732069,0.06287214349527805,1.0325469802222265,34.78329317014808,7.615117522611261,39
BU_02,2023-10-01,11737436.559397958,0.07603124279624007,1.0489691442390747,39.360037275201066,6.383585463013473,42
BU_02,2023-11-01,11674509.644605035,0.06445856245162694,1.0515351313946095,31.581824523025865,10.309921683139343,44
BU_02,2023-12-01,11705473.073231194,0.04576580438622387,0.9884443034108046,38.940072001358686,9.531771628277117,44
BU_02,2024-01-01,11840294.335662859,0.05648419631121612,1.0043208157531112,36.813613256050964,7.779786893166277,47
BU_02,2024-02-01,12517286.360058473,0.05963890906592278,0.9990396792205957,35.75363378470946,6.498517511582483,51
BU_02,2024-03-01,13199692.167079844,0.0465430494580753,0.9652911989117894,35.73347493706009,10.103670111839072,53
BU_02,2024-04-01,12457925.077982813,0.07148987997345305,1.0624292731814213,31.824598701375514,7.452619916853141,56
BU_02,2024-05-01,14035608.433563173,0.06324474916441197,0.9812677993035888,46.06794569997504,9.041871691230668,57
BU_02,2024-06-01,12252840.322486749,0.04660405620659386,0.9749852251508403,35.25128396837108,9.498757393614005,57
BU_02,2024-07-01,13466262.968217583,0.058166840504771014,1.061527502601948,34.363845589205084,7.877863314104566,56
BU_02,2024-08-01,13446733.484295825,0.06704207743087255,1.0300777884793426,33.736256066493056,9.401744158668945,56
BU_02,2024-09-01,13240023.029252559,0.06480267695438749,1.0393409975576662,36.16341024095175,7.578458727528005,60
BU_02,2024-10-01,13415853.034856793,0.06507183364756555,1.0722557335277492,36.34362416298718,6.989526194199553,62
BU_02,2024-11-01,13958527.094637668,0.051004456766755184,0.9798438471793988,37.274583921544924,5.628348280819929,63
BU_02,2024-12-01,13981631.296330497,0.05197311104268894,0.9923368310517485,34.19090459868833,9.489770796916114,65
BU_02,2025-01-01,14382878.877582356,0.04751283900447463,1.0068673940011743,37.34009298615355,7.352336498722904,66
BU_02,2025-02-01,14024193.00542599,0.051988011302724,0.9786957730277447,38.41897045333038,8.188671463280322,67
BU_02,2025-03-01,13986611.87032642,0.04759526241259672,0.9663355802885276,41.25597803871945,8.389525606467334,68
BU_02,2025-04-01,14226386.819592167,0.08648932652430806,1.045339041108618,36.04205610441487,8.297601794471602,71
BU_02,2025-05-01,14626387.422511129,0.07211081418256952,1.016864708088452,38.39243958162352,7.397580944315205,70
BU_02,2025-06-01,14273813.6199198,0.07223407070429458,1.0602916626254122,31.5629393109842,7.314464717597063,71
BU_02,2025-07-01,14481630.633168604,0.07398080284749789,1.0370345170239816,34.08834098405693,8.124547044372274,71
BU_02,2025-08-01,15340676.671097372,0.07731670521091501,1.0555321492352345,30.44884387414532,4.3941867437147595,71
BU_02,2025-09-01,15406290.31929035,0.056984372906541986,1.078443140902105,30.840544322371414,4.565777269857592,72
BU_02,2025-10-01,15900611.910399225,0.06712631069789059,1.0229184387014887,35.29140373486941,9.043708972378415,72
BU_02,2025-11-01,14830895.410577916,0.05756506331099082,1.0392218281866201,37.123964357334174,10.337017227115885,73
BU_02,2025-12-01,14964484.068342725,0.0485027167837799,1.0393734543890825,36.84912524516912,8.853574929016984,76
BU_03,2022-03-01,8649522.043070387,0.0653647164278359,1.0385005640878815,32.570603316816474,10.40599605666145,2
BU_03,2022-04-01,8430907.671479767,0.06184953636092872,0.9981076875946079,37.787798479990336,9.055711302086209,6
BU_03,2022-05-01,8828975.286023302,0.05656874360919108,1.0171465782926405,31.110947358534553,8.663056398568411,10
BU_03,2022-06-01,9529407.169170875,0.06449897038505638,0.9937438007656145,32.83249250647532,6.084623868699337,13
BU_03,2022-07-01,9235953.249649996,0.06262776049006624,1.093319655361299,34.73625765116872,8.479815154462822,18
BU_03,2022-08-01,9763259.814880077,0.06217045102897647,1.0259534891725852,32.13594872830121,6.86794194868483,20
BU_03,2022-09-01,10550247.53134227,0.07762544048154778,1.0504354722930809,32.466398438634606,5.96452589999652,22
BU_03,2022-10-01,10261141.022388626,0.07007676314912303,1.0223932079620752,36.08652269064657,8.946130523374704,22
BU_03,2022-11-01,9988571.995237222,0.03564898285309377,1.013820422095632,33.58455346460243,8.335399250184178,25
BU_03,2022-12-01,10414573.787236148,0.04730632071666155,1.0039519212656782,34.524851061124835,8.41060622942926,28
BU_03,2023-01-01,10635591.451439954,0.055243989967467294,0.9579882910653192,40.624432388236016,7.574115441672947,32
BU_03,2023-02-01,10876156.646510154,0.06962071013703805,0.9335044460591583,37.73315791150062,10.516869887698501,37
BU_03,2023-03-01,11076644.125583818,0.03643663827230898,1.0583527675055169,35.018600206144995,9.059499593463043,39
BU_03,2023-04-01,11502101.048288075,0.061044346911285075,1.0093808933767008,32.94149173678217,6.9745635005567745,45
BU_03,2023-05-01,12603861.827210467,0.06196589664601178,0.9542615625014905,38.72449438651254,7.897404881155934,50
BU_03,2023-06-01,12500451.514118433,0.061073417382732025,1.0832223055270211,31.42251121177997,5.758372675175199,52
BU_03,2023-07-01,13780568.859774102,0.05484806477082585,1.0180020422461862,33.71048392260319,6.155090405713102,55
BU_03,2023-08-01,13429809.221512722,0.050961739650342466,1.018231883094002,35.02738994541842,7.2490119982932395,57
BU_03,2023-09-01,13686611.538949084,0.04285533778038479,0.9988237966361371,34.67521579558177,8.277136086180088,60
BU_03,2023-10-01,13621958.723031903,0.07068663416312887,1.0040428306012499,28.923603305538283,8.065900757127292,61
BU_03,2023-11-01,13498336.55159431,0.0599792059573656,1.0114344103682882,35.64844157037351,7.896715611900689,62
BU_03,2023-12-01,14063745.60161555,0.07690377158820826,1.0125465907707263,38.42649164709507,2.7635503060366826,64
BU_03,2024-01-01,14936371.848704346,0.06722382390436003,1.0027255809681317,36.166985618961924,6.058544929568277,68
BU_03,2024-02-01,14632082.226139234,0.051651121010628825,1.0305121952222995,38.33931234445567,7.090690634861963,72
BU_03,2024-03-01,14998676.229913192,0.048650008092662976,1.0361983594186686,34.717487788365666,8.975559073990913,76
BU_03,2024-04-01,15241736.966844559,0.07597171431389983,1.0440868466395878,37.93229651360972,7.435605385089047,79
BU_03,2024-05-01,15478060.993319824,0.07963257774259329,1.0143390144359892,30.321375811840134,8.113553049566791,81
BU_03,2024-06-01,16364918.164338538,0.06754879373233308,1.0054897736629216,40.603988453281616,7.501165676084282,80
BU_03,2024-07-01,15627905.788776498,0.057365880316844454,1.0415930415400378,40.10300781515283,10.254411861785666,79
BU_03,2024-08-01,15050692.415551923,0.05311528348470891,1.022240196237069,37.579680746178155,8.404274944966376,80
BU_03,2024-09-01,15222785.579196101,0.07853501455906906,1.031129128786273,36.868874578456115,7.518973805686555,82
BU_03,2024-10-01,16348566.309349967,0.06421218789041225,1.0587032133795589,27.819363049322043,10.180641421150339,82
BU_03,2024-11-01,16047754.011998078,0.05227276329747222,1.070695981396402,31.350740908321338,7.188112696216668,83
BU_03,2024-12-01,16485374.812062776,0.05568652605277352,0.9926501135736723,36.23193135713153,7.571636028334848,86
BU_03,2025-01-01,15812535.516075509,0.047378600020060065,1.0319729222325233,32.334513237962106,5.773389048547453,85
BU_03,2025-02-01,15772042.678169023,0.05682755090805092,0.9796271999795506,37.82319512725734,9.094872293337511,87
BU_03,2025-03-01,15738684.571970953,0.06599097265735183,1.0181520343464916,34.380016341720044,7.992528529426344,88
BU_03,2025-04-01,16601080.38517868,0.06625974381091972,1.0353512762696377,32.909856259768354,8.816364326254577,90
BU_03,2025-05-01,16438856.080727497,0.052207245796183174,1.0635804051455877,35.391754997956035,10.114974499372018,91
BU_03,2025-06-01,16176549.668350108,0.06589776338485966,1.0888896285741392,28.87299172996676,10.698650670660736,92
BU_03,2025-07-01,16889577.28107868,0.06967328331170752,1.0345623959315788,29.295360061173756,7.495677231885111,93
BU_03,2025-08-01,17164636.133073635,0.05683652867418786,1.0075523310840924,33.616858714204774,8.311530752148727,99
BU_03,2025-09-01,17734194.33270287,0.06437629093295799,1.0180036960152465,33.632383604591446,8.31521632139309,99
BU_03,2025-10-01,17423137.74546049,0.05350505577370878,1.0153229701050626,34.005527361887374,8.420061377104608,99
BU_03,2025-11-01,17834443.070771538,0.051349982686914764,1.0718992093682012,34.09383511147091,7.92539967223629,98
BU_03,2025-12-01,17737058.124030508,0.07434969449770044,1.1337057442534693,24.99411088337405,9.786732912560785,101
BU_04,2022-01-01,8191940.928610245,0.05173008395321432,0.9657414166387817,35.89807315009606,7.397467409972462,5
BU_04,2022-02-01,8977898.82312949,0.07014628848323459,0.9814334419162913,39.42002281743033,10.788842754007208,7
BU_04,2022-03-01,8648039.929886322,0.06291857912867752,1.016379289802957,31.99168352638033,7.40582973816924,9
BU_04,2022-04-01,9035772.24662324,0.05803437060410319,0.9478147431814914,35.652351382926746,6.890719309804154,11
BU_04,2022-05-01,9377016.090626633,0.06561004323331154,0.9698711624381844,39.00012553346533,6.824395311684192,14
BU_04,2022-06-01,9804702.517911652,0.05921388443405898,1.0206644074894176,32.98482990192733,7.219972242015808,15
BU_04,2022-07-01,9834564.90827622,0.06094942218074837,1.0109844591656731,28.644359624075655,7.986010270355628,20
BU_04,2022-08-01,10221972.059918456,0.06435270037065896,0.9715384048867954,39.29473458621722,5.56470465506602,23
BU_04,2022-09-01,10189522.780645972,0.05694614754215878,1.0590626806298198,31.570124823412183,5.297566426421801,24
BU_04,2022-10-01,10428040.701098649,0.07692934804149082,1.0207363274388057,34.384179710520016,6.769490979984978,28
BU_04,2022-11-01,11151769.866975198,0.07436557020517687,1.057606044595584,31.317156023220953,8.200591975106061,29
BU_04,2022-12-01,11179079.447462823,0.06738613648762783,0.9962304765675056,31.547102443575753,8.292724847998896,32
BU_04,2023-01-01,11049233.392256515,0.046842672381020516,0.9902880141067882,32.09414732389197,7.59689422779849,33
BU_04,2023-02-01,10921333.674594466,0.06899877666104991,1.014651729242342,36.738531465674185,8.180411070187539,34
BU_04,2023-03-01,10733812.438561836,0.06799136483551398,1.016244560837449,37.80217516608317,7.490429662499674,39
BU_04,2023-04-01,11442310.824215364,0.05335708743813718,0.9293925504804683,38.4735221804275,7.1117409011377735,45
BU_04,2023-05-01,12127280.891518285,0.06749515626314208,0.9841677349767403,36.50686659755356,9.052546084150345,45
BU_04,2023-06-01,12310317.729507657,0.06414186298342683,1.0687480908572862,31.73082358522814,8.283170713807117,46
BU_04,2023-07-01,12946569.502134224,0.045354724412038736,1.0269656924664248,32.50252766781363,8.565860363405935,47
BU_04,2023-08-01,12792252.123422474,0.05442053638572479,0.9844685293197216,33.908097443477615,7.983401776388301,50
BU_04,2023-09-01,13155544.157016708,0.06585907026270064,0.9415293009857661,39.34561919773106,8.267165215108719,52
BU_04,2023-10-01,12696549.508582145,0.06200033346635076,1.0169205780095674,36.82323139050052,8.849459864280197,52
BU_04,2023-11-01,12792097.605475092,0.04058948014263291,1.0131368422422515,35.202943382228774,10.90345600987315,54
BU_04,2023-12-01,12923332.296321873,0.0618746263776672,1.0609730854978376,36.870146629930474,7.328175199785285,55
BU_04,2024-01-01,12864765.183889396,0.0591932451912353,1.006362879691887,30.345201240319057,7.089771963104717,59
BU_04,2024-02-01,14228414.52809344,0.03972910488919162,0.9315978899292868,43.40662025184009,10.12789176338377,59
BU_04,2024-03-01,12768081.606410014,0.05874751631235128,1.0656037008934192,32.167992884926164,7.057907973389244,58
BU_04,2024-04-01,13660410.118435007,0.06806772710304915,1.0083433713774874,33.481173912564664,7.986071757910409,58
BU_04,2024-05-01,13502884.805552332,0.04849009716583434,0.9903372499140262,31.38000973966933,7.109055070572425,61
BU_04,2024-06-01,14554635.394163989,0.06344068358566655,1.0392211363787214,30.643882615481488,9.508758745579291,63
BU_04,2024-07-01,13845097.549240097,0.05830375610190485,1.009342853540233,32.890042220868196,7.527853339734625,64
BU_04,2024-08-01,14253009.903480653,0.07840726486492426,1.0466673070338144,36.34267279467202,6.742820279683963,66
BU_04,2024-09-01,14367029.816991132,0.06844624336727446,1.0081643700666778,35.420840827655766,7.203388178417438,66
BU_04,2024-10-01,14229018.326341942,0.05407601300591709,1.0574952599842786,30.934093633875868,9.064547259539985,67
BU_04,2024-11-01,14732460.32625901,0.08462079168984242,1.0809263744369375,29.58510367229838,8.038650153317862,68
BU_04,2024-12-01,14383837.036928413,0.05033083196006337,1.0669120379214225,29.372613726036263,8.002921041918015,68
BU_04,2025-01-01,15185060.508539582,0.06839633566766767,1.0928566402011206,38.51381403324248,8.685021725604033,70
BU_04,2025-02-01,14560077.693093589,0.05631108557434843,1.0146963846927184,39.54478306579758,6.222505308149296,76
BU_04,2025-03-01,15234366.47908103,0.07308586829102426,1.0759037280431687,35.342131802596896,8.679555644421221,75
BU_04,2025-04-01,15512907.022502853,0.051923891520560234,0.9888401054508174,35.69419796588703,10.056199864609841,75
BU_04,2025-05-01,15226061.84371332,0.058500349447553494,1.0494433683817932,30.893224222969828,9.421568070077246,78
BU_04,2025-06-01,15366979.108324831,0.07125252048629625,1.0609430128071216,36.3561552552112,7.134817256031849,79
BU_04,2025-07-01,15029725.71266758,0.0554326435564535,1.0393792283920773,33.52840106084752,7.522000164322726,81
BU_04,2025-08-01,15866191.672738839,0.06733268728177454,1.1251464714951407,22.851535370099576,5.954983263976789,84
BU_04,2025-09-01,16826171.92615258,0.07151599658262998,1.0993740794809093,30.257896203080843,7.9431790085959095,85
BU_04,2025-10-01,16242582.40589071,0.05666222142241119,1.0235764998676766,39.91645888768911,5.284674586461208,86
BU_04,2025-11-01,16320692.845582386,0.041428193833595806,0.9745600417086105,38.44458492402812,6.24253528398968,87
BU_04,2025-12-01,16378349.248033835,0.05632956951529357,1.0443043329608415,34.61155084858445,7.383406415663994,85
BU_05,2022-01-01,8662827.77983205,0.05684075800598073,1.016148529809825,35.99468377037961,6.889733549040544,7
BU_05,2022-02-01,8825130.162171675,0.05314443976799858,1.0201521817218662,33.336398039051254,8.830480355422143,12
BU_05,2022-03-01,9506325.97283847,0.06452642549760618,0.9814305374840124,33.577433204464334,10.065279076373807,16
BU_05,2022-04-01,9878053.16441947,0.04853797739452443,0.973724127940916,34.283875717094325,8.30951038598958,19
BU_05,2022-05-01,9565395.115588931,0.0670294864208414,0.9995773463167673,31.0057112925312,9.515328141909125,20
BU_05,2022-06-01,10273795.688139936,0.06601007317717397,1.0123564755188907,36.981628397356005,7.934464724317703,23
BU_05,2022-07-01,10022695.692224726,0.057502865344543755,0.9808471961521438,38.58121574921946,8.657008163155005,24
BU_05,2022-08-01,9764793.14576663,0.07586586902075498,0.9924498661576896,36.97297767451999,7.900633476788598,27
BU_05,2022-09-01,10678416.943252517,0.04990472995959829,0.9936886358181313,38.12983042450332,9.226213951437696,30
BU_05,2022-10-01,10331359.768659828,0.05607748829847412,0.9899441915741121,34.952623930167476,10.294737191221786,31
BU_05,2022-11-01,10263522.881041775,0.048815626015768096,1.0594597569259607,30.275340581190953,9.25440892979216,32
BU_05,2022-12-01,11143453.162380606,0.08305701915306096,0.9813772066566745,35.42808843159417,5.68985585424096,34
BU_05,2023-01-01,11230493.71832512,0.0678730835752127,1.0144896389346176,38.503837777757695,6.3618862640855625,40
BU_05,2023-02-01,11868319.076261599,0.05308487877778044,1.0202567140645176,39.145865174917276,8.441868078996292,43
BU_05,2023-03-01,11928511.953851284,0.06634265644917238,1.0546820840147082,38.01438780536738,8.141657582980997,43
BU_05,2023-04-01,12242506.880759966,0.07627080215930519,1.010784339694677,36.11447300314735,9.554451526762827,47
BU_05,2023-05-01,11800382.464191683,0.059661787554044846,0.9311544067687701,41.5284246606721,7.691466086534147,48
BU_05,2023-06-01,12132045.955463666,0.04981951972614168,1.097230773435002,35.893316351181916,6.830693594883388,51
BU_05,2023-07-01,12498477.465995934,0.07107249997488939,1.0943919717146164,30.40971608106521,7.156913312138591,52
BU_05,2023-08-01,13460394.368606022,0.05490005526550996,1.0798584583961521,33.14775195438912,7.278746712310487,57
BU_05,2023-09-01,13932606.415048717,0.06503863011024968,0.9962613037539206,35.42827813103203,8.224499659979168,60
BU_05,2023-10-01,13582686.946758606,0.0558495696788628,1.0595209012304487,27.86946284080818,8.573178054207093,64
BU_05,2023-11-01,14258860.725060897,0.0639244930840579,1.0135856932502296,33.8779685535604,9.589476330293625,63
BU_05,2023-12-01,13577676.235173143,0.06013085913077067,0.9891916337259502,38.856730094454235,6.231717347190309,65
BU_05,2024-01-01,14530053.40334203,0.04239202515662432,0.9645411038209232,39.63713740754578,7.088612843098858,68
BU_05,2024-02-01,14554553.145461807,0.05792642909379015,1.035744490829687,35.86003873668821,9.508656530907862,68
BU_05,2024-03-01,14559192.566773254,0.0641624441832904,1.0602546944573237,34.277529332436735,8.979137928359208,69
BU_05,2024-04-01,14795790.232462436,0.07151287115952112,1.039007761175651,37.057463378140305,9.351612450685716,70
BU_05,2024-05-01,14565663.52444566,0.04915081483692763,0.9883509001037816,36.10563299959308,9.051522447552353,71
BU_05,2024-06-01,15208246.79553852,0.06384311086235091,1.0325989504871005,30.66533395890096,6.522229301477216,73
BU_05,2024-07-01,15544069.52692142,0.061305197899597555,1.0410636069474202,34.0491266585528,10.469765162853998,74
BU_05,2024-08-01,14752472.91395931,0.04698417071333743,1.0484119151550984,36.496236974696416,6.640317189102666,76
BU_05,2024-09-01,14851038.237008188,0.09220680183772374,1.1109162458807318,21.779660827017615,8.449769781856272,78
BU_05,2024-10-01,15352055.299045917,0.04856746697913321,1.0026474908422378,34.47928333123806,10.355030538450453,80
BU_05,2024-11-01,15321732.765451465,0.05968434219952165,1.0721525445970332,34.724327366400445,5.705659799858058,79
BU_05,2024-12-01,15996230.539937044,0.06671982292875937,1.0496708664863017,37.719612913844955,8.191097126910218,81
BU_05,2025-01-01,15903246.738532923,0.07000960729727479,1.0804712957266358,31.0681591454373,6.213996083434942,82
BU_05,2025-02-01,16170253.27635951,0.07826837565241758,1.0027612603643072,35.39408792176189,9.523635421255916,83
BU_05,2025-03-01,15412598.891066708,0.058787064229679095,1.0560542918086462,27.846787221955758,6.353181831868156,85
BU_05,2025-04-01,16209927.353240758,0.07171530350800594,1.0874464122064889,33.111651224201935,6.654715107829727,87
BU_05,2025-05-01,16575917.565561024,0.05611218898693212,1.0158943764870814,35.166794472782655,8.62772477714253,87
BU_05,2025-06-01,16265735.435718955,0.06831263891251309,1.0498587419897358,29.64732853679369,9.018544039436275,87
BU_05,2025-07-01,15753993.013511404,0.06503378655244241,1.0571547539570885,32.78702120988241,8.293428085974853,91
BU_05,2025-08-01,16794712.92763393,0.0435429442745917,1.003874833414168,36.85421296498673,8.955669894360785,92
BU_05,2025-09-01,16849630.094517495,0.05449516990958766,1.0395586126858567,37.57458968765743,9.241407769750257,94
BU_05,2025-10-01,16796039.695260726,0.05142673757164903,1.0193018758941133,37.35130399868875,8.447117118015262,94
BU_05,2025-11-01,16808254.927325558,0.06696384871011052,1.051632380719907,29.704145609822827,7.5342359364832605,94
BU_05,2025-12-01,17356178.509551324,0.06457766890170401,1.072366800923325,30.93115602273594,5.896404523498457,94
BU_06,2022-01-01,8760632.137884758,0.06895938952962304,0.984118685939294,34.59493151628158,6.437020276609971,5
BU_06,2022-02-01,8411538.90319689,0.07430610509169237,0.9899526510940582,33.38354922603242,9.379178528353268,6
BU_06,2022-03-01,8951670.133786175,0.04833285477530058,0.9911028008946146,34.248344546771406,8.47552372505187,7
BU_06,2022-04-01,8813839.011733316,0.05277302995687971,1.0493890763771814,32.34786464565516,7.675984837873862,10
BU_06,2022-05-01,9172092.02195688,0.05458139895884545,0.9862663705173388,41.22407111975943,7.221508157999291,17
BU_06,2022-06-01,9413820.377376366,0.07019469645072623,0.9949954598059958,31.03376192852259,5.853775524811237,18
BU_06,2022-07-01,9961867.709414061,0.04272526238538312,0.9736822360709547,37.71456735650889,9.36222511121425,20
BU_06,2022-08-01,10054803.407629503,0.07651034658855399,0.9486308686996201,39.48410270928292,7.169572747007007,24
BU_06,2022-09-01,10484433.480877072,0.0711275184714656,1.0048427422078925,31.84144985202645,7.661243626554017,26
BU_06,2022-10-01,10662534.465623746,0.057461997420033877,0.9584066274562858,39.995056230851674,9.245238233991383,26
BU_06,2022-11-01,10246951.65680935,0.07140245331701843,0.9850153732617859,41.237653054810096,6.891242882583139,29
BU_06,2022-12-01,11204845.45198058,0.05887664045055773,1.0255682918273217,33.73512524516039,8.262099685529524,31
BU_06,2023-01-01,11160063.081927191,0.04197557692720674,0.9597438268922374,36.59282713973022,7.688577968153397,32
BU_06,2023-02-01,10539966.445123402,0.07271293669871087,0.9867378925614122,32.35143927933933,7.97612280160136,35
BU_06,2023-03-01,11640857.660628818,0.06740405690582998,0.9710402950298332,39.91370074911976,6.5207691588473145,40
BU_06,2023-04-01,11187074.756051762,0.06841324067632032,1.0534314043328739,28.62514187931444,8.781187326533873,40
BU_06,2023-05-01,11800939.667488078,0.06649287105075073,1.0296612095483677,31.615555302972197,8.46149957155612,42
BU_06,2023-06-01,12112236.429252708,0.049962738590553994,0.9293752859662641,37.97741255917084,9.34174967263208,44
BU_06,2023-07-01,11911284.049308887,0.04258219956913211,1.0130527596945897,37.38617139071122,8.076585680806105,43
BU_06,2023-08-01,12313402.158185238,0.036545358540424455,0.9690499939367638,35.46384806695523,6.075457416242153,46
BU_06,2023-09-01,13088954.614693353,0.04023374233623321,1.0137794603696493,38.27197704948758,7.682545891716379,47
BU_06,2023-10-01,12423319.505168434,0.06530090355620671,1.087542124839674,28.245655095444494,5.936947596747363,49
BU_06,2023-11-01,13347274.800886853,0.044976166484119756,1.0470713416701523,38.02969441751369,10.50748940861753,52
BU_06,2023-12-01,12841432.956609705,0.045081833919026176,1.0284245053160683,35.970669100303375,7.469191403020826,55
BU_06,2024-01-01,13020721.489662085,0.049717919226952144,1.064639626227556,37.640241571503864,8.091234522229161,56
BU_06,2024-02-01,13015189.608852357,0.06301536039118281,1.082227932670483,33.66168348835157,8.336817790468253,58
BU_06,2024-03-01,13494149.474752774,0.06837263864796272,0.9934915287916385,39.191622877369035,7.436925037044034,61
BU_06,2024-04-01,13622855.272994747,0.08085840811608506,0.987024573779368,38.35173590536902,9.847137268419235,63
BU_06,2024-05-01,13354841.914771786,0.08137960473328815,1.0836757687444687,34.33921785732101,8.040779774423028,64
BU_06,2024-06-01,14103204.29128593,0.059931115953353015,1.0754980815012924,33.0023593295875,6.812683240299275,64
BU_06,2024-07-01,14520909.541300096,0.05029048342901757,1.0754911457644827,35.563940529804185,7.674159116736963,66
BU_06,2024-08-01,14541938.454372942,0.0689101555645873,1.0426614737383044,31.50091296995644,8.506724734764544,67
BU_06,2024-09-01,14364747.037463253,0.05894879896129737,1.0004488878497277,33.92057165973348,7.265955244574442,72
BU_06,2024-10-01,14705600.099242201,0.05826398178743329,0.9882451793270952,39.04881315416216,7.559554471432756,75
BU_06,2024-11-01,14500690.923106039,0.05848248182467798,1.0364336364100966,32.44826067093125,8.65397024090902,76
BU_06,2024-12-01,15451867.280373171,0.05595708058408365,1.0314064908920622,31.41649625268808,7.691801717782491,79
BU_06,2025-01-01,15814249.898480762,0.0640722522460789,0.9437696026074689,40.18306659699853,8.347408382661715,80
BU_06,2025-02-01,15078915.803461641,0.0692880156351313,1.0150150629649206,36.41791825344557,8.286837297006134,82
BU_06,2025-03-01,15203113.026757665,0.06030995153417482,1.0355178089456418,36.25891352653767,7.023882223605821,82
BU_06,2025-04-01,16015375.986768,0.06340403515064136,0.9837524774279164,35.54055528908605,7.240178194850673,82
BU_06,2025-05-01,15930630.282745678,0.05691270853226579,1.0696500526589077,32.14338960280193,5.50611742181729,83
BU_06,2025-06-01,16091310.596968045,0.05401110403500156,0.9795614782474181,40.471415386941466,9.807239993180197,83
BU_06,2025-07-01,15123479.254272064,0.056144361560687986,1.0501041715871198,33.92847017151704,8.438058880271663,84
BU_06,2025-08-01,16583466.275313836,0.07067393577486022,1.1305601614165715,27.72044023556586,7.456586602497142,85
BU_06,2025-09-01,16592958.400266832,0.06026775421257434,1.0104537789182442,33.40499730608497,6.901650190674959,86
BU_06,2025-10-01,16091961.781618267,0.06203338206087956,0.959590991042581,40.10374936210097,4.991049166310274,86
BU_06,2025-11-01,16326684.57330777,0.056153303289620836,1.054704557021921,34.59608392742189,5.821887483919781,87
BU_06,2025-12-01,16158993.196889786,0.07749861223699722,0.9883936157207035,39.620985972490686,10.484364910108852,87
BU_07,2022-01-01,8527893.772287007,0.0587433484822979,1.0082243983360573,35.5854547014347,6.255115827188568,4
BU_07,2022-02-01,8650630.912208404,0.045292785817929254,0.9831926934353492,33.0254433706022,7.377571560972823,9
BU_07,2022-03-01,9036748.01550712,0.07128291983852739,1.0253646122341862,32.57819321987513,9.40105412772999,11
BU_07,2022-04-01,9053133.15021721,0.04402916966079173,0.9601468946464656,38.69525473907115,6.2130286403753985,15
BU_07,2022-05-01,9240938.325099293,0.05045040376253224,0.9825571865402496,37.17101832982135,8.36453612755166,14
BU_07,2022-06-01,9034927.080918815,0.06398638857352935,1.0457841103717025,30.69666010708974,7.127940579513013,15
BU_07,2022-07-01,10172580.491050756,0.05420912575129194,0.993838182745093,37.52125615159912,7.085616390358761,16
BU_07,2022-08-01,9279545.839188572,0.05875182669004899,1.0411500175582833,34.08443444487373,8.055627899652828,20
BU_07,2022-09-01,9901085.678366087,0.059433409639740135,1.0542978171037738,34.20823690543117,5.857174631780796,26
BU_07,2022-10-01,10198199.64371725,0.05556556953725462,0.9962770517123082,40.44374931662239,7.289894270999886,30
BU_07,2022-11-01,11215306.16752813,0.03958690202997707,0.9844085670417533,42.024815953922364,7.920360010367379,31
BU_07,2022-12-01,10570386.55910151,0.07089601784696198,1.0347804253658417,32.387997970617185,5.199678736249587,31
BU_07,2023-01-01,11466663.993872525,0.06304447341236175,1.0108300243712016,27.469422977030057,10.346835129256721,31
BU_07,2023-02-01,11591283.152542299,0.061349681575718705,1.0358894052354102,35.582282734712194,10.039002779007305,32
BU_07,2023-03-01,10697203.82382732,0.056339497562638265,0.9340295424677363,38.698427472640375,5.837826080187911,33
BU_07,2023-04-01,10767229.5874131,0.05377818084535217,0.952170274689753,34.163969079247785,6.88741295509678,35
BU_07,2023-05-01,11548788.187142486,0.0639085461481192,1.0202095695459543,32.86047031365176,10.082154756486666,36
BU_07,2023-06-01,11437235.161618697,0.07303128162446831,1.015853423231894,31.459617022780684,8.458534969989378,38
BU_07,2023-07-01,12301165.915191095,0.06620994698020496,1.0121578858141886,35.20130672076045,8.309919400093685,39
BU_07,2023-08-01,11759956.09664113,0.0794817859176734,1.0143879813257368,30.029236004539563,9.338084831695598,42
BU_07,2023-09-01,12330052.40714607,0.057137662588925546,1.0359255486233996,33.838292348392315,8.784841798534075,44
BU_07,2023-10-01,12255212.91351982,0.057970386246725986,1.0059730724347649,33.80211713900419,8.048508799723118,47
BU_07,2023-11-01,12275899.628335278,0.07251173219161493,1.0033971714260213,36.80079081660149,6.9480341598368,48
BU_07,2023-12-01,12150353.39094982,0.050862343697809384,0.9864395927092804,37.96507594346584,7.9822014402946975,50
BU_07,2024-01-01,12829983.829567235,0.06441786718760689,1.0692796999412617,33.4655060410394,10.253142241469474,51
BU_07,2024-02-01,12510163.12462189,0.067749220976043,0.9871920659368031,30.782485557033343,10.119258702792479,54
BU_07,2024-03-01,13285726.755866379,0.07751868266745715,1.0900296159996474,30.471067682616926,7.4965315303126285,55
BU_07,2024-04-01,13603397.114729434,0.051633668654601894,0.9765449749283289,38.239027699312096,5.549368026322365,57
BU_07,2024-05-01,13435471.32253165,0.0574872312508066,0.9500884116017722,40.18024827283671,7.6500868733768295,56
BU_07,2024-06-01,12959236.815675164,0.06476148762378489,1.041040227251078,30.716817288319145,3.9740379777097843,60
BU_07,2024-07-01,14089643.404594362,0.03752198709564149,0.9621242474971039,41.58349271683078,8.81589245871702,63
BU_07,2024-08-01,13690610.219308376,0.05104341880886581,0.995788251742048,41.56668272065642,7.2160703140509135,67
BU_07,2024-09-01,14027093.531848846,0.06645912405034525,1.0077027139524255,32.06597966926047,6.5253231509011576,67
BU_07,2024-10-01,14639296.180185754,0.0757374946894716,1.010324907005806,34.45132269914952,6.19734716220247,68
BU_07,2024-11-01,15089604.340928428,0.06208347150784526,1.0480474669252346,37.58069661347768,7.155918020919458,68
BU_07,2024-12-01,14644574.871175991,0.05279729076759569,1.0276262164954242,34.849399966204615,6.244301294268578,69
BU_07,2025-01-01,14684061.771356843,0.05285644466662879,0.9974405165861586,33.68197963253221,8.78982775449409,69
BU_07,2025-02-01,14434713.776825838,0.046818223350046886,1.0584184954224063,38.84254355259945,4.599339281560928,69
BU_07,2025-03-01,14577116.694661278,0.0718020653936702,0.9911837085974228,37.563122593235676,8.77384215185214,70
BU_07,2025-04-01,14202251.293634888,0.07170857009414158,1.0059679159747303,31.893900118495992,9.149493745549641,72
BU_07,2025-05-01,15010811.963800356,0.04475236795552414,0.9684895787360273,36.95608011600555,8.992290599869984,75
BU_07,2025-06-01,14425016.1879715,0.07651855473191195,1.030178069049443,36.12951452212692,6.625955187867819,75
BU_07,2025-07-01,15363194.712646859,0.07016892762901614,1.0597175668947996,34.48692801299678,7.662436509209762,77
BU_07,2025-08-01,15985114.134964751,0.06058979913417054,0.9998221729478551,33.43558661726769,7.590452734173677,80
BU_07,2025-09-01,16025165.519519031,0.05209820218966503,1.049156630387706,31.629562087622958,5.5521243788400945,80
BU_07,2025-10-01,15705279.161734164,0.05917581698826437,1.0944877913461206,34.10229524461859,6.324467285469046,80
BU_07,2025-11-01,16529395.902220095,0.06446483638804144,1.0319873994341722,33.27878684965145,8.885859514822792,82
BU_07,2025-12-01,16059902.265685612,0.052968813828796306,1.0415479621895392,36.867009709227816,6.329267843656279,82
BU_08,2022-01-01,7440281.210151771,0.049783658472558084,0.9866628064608194,39.57386228216521,10.173208902501687,2
BU_08,2022-02-01,7333519.155540281,0.049828470244090414,1.0488419446727684,33.65576921405567,8.665285068060665,6
BU_08,2022-03-01,8442083.507326223,0.060399579776114105,1.0364004673091103,35.97680964839011,6.400256281323267,9
BU_08,2022-04-01,9017574.751643512,0.05221883559505379,1.0373593557230698,31.870212450786518,9.422869663702416,11
BU_08,2022-05-01,9257796.752605729,0.05897848506388537,0.9875279329209613,34.74834908661491,7.885195626706946,14
BU_08,2022-06-01,9184644.24585576,0.06608448391923016,1.0665270639595668,37.42507465473945,9.849320160021351,19
BU_08,2022-07-01,9484534.353047486,0.06352608249351067,0.9720352994806478,34.50843993707875,8.151743577826391,21
BU_08,2022-08-01,10073574.567775674,0.07571416916197503,1.0177562558886524,33.836824936030794,9.089259451060762,26
BU_08,2022-09-01,10241924.684985967,0.06431763418048485,1.0187640518434995,33.70638923282093,8.878961496976347,29
BU_08,2022-10-01,10799863.692092255,0.058493571138204484,1.0048967059157141,36.18622275614893,7.535909812921831,29
BU_08,2022-11-01,10986322.380038649,0.07741757246776967,1.051834234070056,34.70244963004848,7.586276260772461,31
BU_08,2022-12-01,11044056.23294234,0.06143369852470376,1.0013585929970168,32.052955986231915,8.638989844826204,31
BU_08,2023-01-01,11438754.008768782,0.0554131116287426,0.9931594027174085,38.7616978462338,8.555348057707247,35
BU_08,2023-02-01,11067474.643167473,0.05509690332179469,0.999082467508983,32.87041804457117,9.85916470948537,36
BU_08,2023-03-01,11057033.178558635,0.07339855113345696,0.9971274300648172,39.386464849119434,9.200062326890805,38
BU_08,2023-04-01,11881515.290779725,0.058747821472481386,1.0254806568324806,30.7935594386452,8.670145754015202,40
BU_08,2023-05-01,12178010.506530842,0.057528136362601144,0.963307022635009,42.228519041027475,5.592437890129805,43
BU_08,2023-06-01,11957975.176472098,0.06287256421781837,0.9632950554171215,39.48605491531922,9.324966019276822,44
BU_08,2023-07-01,11829745.498029035,0.05562057946347408,0.9751181328538767,31.069934314977786,8.252125243159842,45
BU_08,2023-08-01,12157050.632952187,0.06111415595252248,1.01410093884478,35.120117044450254,7.298447541172992,46
BU_08,2023-09-01,12468872.693255065,0.053943616505371175,0.9820222292633616,35.24925099697594,7.874309728691982,51
BU_08,2023-10-01,12632563.098862836,0.06243904478981792,0.9878906426538702,32.51327092498099,4.1521076920531526,55
BU_08,2023-11-01,14039291.719733693,0.057319267952705526,0.9828835995552199,39.57431380860309,10.247930641971822,59
BU_08,2023-12-01,13304535.023804195,0.05470778925264766,0.9535730670676983,38.03339948335534,8.538098518221991,61
BU_08,2024-01-01,13614173.34237515,0.0676482713528837,1.0363093665218257,38.34657524210456,10.686322728362166,63
BU_08,2024-02-01,13493629.719856799,0.06409148923595955,0.9542961926576506,38.09352500624989,11.800771540146734,65
BU_08,2024-03-01,13672210.791751405,0.0850764561202949,1.0771152382094171,32.88068228058391,3.9962009452565255,66
BU_08,2024-04-01,14420577.978382654,0.04474108271736962,1.058727960620102,36.29264932591871,6.962853264364424,67
BU_08,2024-05-01,14656959.874821763,0.05351372127246076,1.0292618794797042,36.884002269106524,7.614098427387266,70
BU_08,2024-06-01,14489494.485477228,0.062359656100671186,1.0033804312317254,31.30028487839793,8.099809986931184,74
BU_08,2024-07-01,14994728.321794942,0.06704202370330596,1.0969994209665315,33.45074529214192,6.586126529566222,76
BU_08,2024-08-01,16091081.576554973,0.07358330724884997,1.03370530030725,36.414578435966845,9.702853391657625,76
BU_08,2024-09-01,15247298.906643769,0.04442514451542541,1.0666574888860607,30.42546203379571,10.074295719150243,76
BU_08,2024-10-01,14973326.832570657,0.07191916641955766,1.0046805829522618,35.72966679179213,5.687064977422695,79
BU_08,2024-11-01,16003568.390919456,0.05308551317120695,1.013727757350065,34.68302996572849,9.147025089672155,80
BU_08,2024-12-01,14998504.5108639,0.05256830190054329,1.0196266129762108,29.875544792263717,6.175016385631098,80
BU_08,2025-01-01,15761456.019819712,0.060174353559236074,0.9685169896067535,37.709314389820165,8.524432362802287,81
BU_08,2025-02-01,15606192.461206317,0.05950255604391215,1.0363390791037093,41.34976777335025,6.693737849008292,82
BU_08,2025-03-01,15664385.911842676,0.0879984217415524,1.0506347117621988,34.06556560038424,9.474210726349742,80
BU_08,2025-04-01,15379556.805620806,0.06709126760970888,1.014714873184159,33.22395150222242,9.604962863964596,82
BU_08,2025-05-01,15822340.850266764,0.0683119332635094,1.0215415527637732,35.59151848649687,8.142660801498044,83
BU_08,2025-06-01,15712904.40294099,0.05699702010509964,1.0500588361703282,37.030535596338964,10.317353218569206,83
BU_08,2025-07-01,15703757.438235717,0.06211893853795129,1.0891879291279787,31.031925589722455,7.436096821502826,84
BU_08,2025-08-01,16463863.886938987,0.04493399800493682,0.9848119555393813,37.17218109178135,8.771982359485412,86
BU_08,2025-09-01,16410541.955424927,0.064138438442208,1.0071644597620169,35.23692472289447,8.708280692125086,87
BU_08,2025-10-01,16366163.527921623,0.049515391696772645,1.0720550350258666,29.160819927617965,7.819000914929252,89
BU_08,2025-11-01,16775183.83158758,0.05103736805397591,1.0663434385661354,33.182153802297314,9.023717246721134,88
BU_08,2025-12-01,16558925.356008284,0.060615358949847334,0.9981352001552045,34.98433530648092,9.219134712912073,89
BU_09,2022-01-01,7685369.086156614,0.054573305312470906,0.9743437030265263,33.547521160616625,7.083245994722286,1
BU_09,2022-02-01,8672652.430775568,0.05093884950821,0.9771536633476582,35.877431765621296,8.497105715457618,3
BU_09,2022-03-01,8261409.4520395985,0.053466361422419235,0.9561753176351873,35.037990119068475,7.88922864429729,5
BU_09,2022-04-01,9385389.659926122,0.06675868353579031,1.0244195871242259,32.634352320978934,8.240551522108994,7
BU_09,2022-05-01,8869299.333061656,0.06109277486990219,0.9149558377072894,40.27592377113126,10.35916269376492,10
BU_09,2022-06-01,8489958.426611578,0.05350208868118975,1.098602421472383,29.42042057647543,6.452174875982534,13
BU_09,2022-07-01,9289011.112335268,0.0642798387702514,0.9829150014047664,32.52862841404247,9.843845453680336,15
BU_09,2022-08-01,9128346.058581857,0.06676466070513998,0.9487689187095685,38.320384021701415,7.353755400739788,18
BU_09,2022-09-01,9554949.69535795,0.08198081300393632,1.0372889579038127,37.145485805394685,7.3665406592358025,19
BU_09,2022-10-01,9695200.633666698,0.06639675540995844,1.025134970061364,34.863841378340226,7.389260149753608,21
BU_09,2022-11-01,10624281.798625994,0.036628923680963724,0.9565009005089921,40.363257905586835,7.868684166959357,22
BU_09,2022-12-01,9880902.363651471,0.06864394269284703,1.039076578235047,32.191445350105894,8.121965735066638,22
BU_09,2023-01-01,10200910.370120708,0.07240490741623627,1.045270641056679,37.6875985900813,6.959691121623187,22
BU_09,2023-02-01,10304531.445524797,0.07654202285646776,1.0662103088832642,30.012885728144163,4.630060127672982,25
BU_09,2023-03-01,10884660.523016732,0.07510284156451232,1.0422873671118171,34.42030641205483,8.64451564769886,28
BU_09,2023-04-01,10846844.082359677,0.0725593929188825,0.9603015741014211,36.28116368430757,7.555703984963809,31
BU_09,2023-05-01,10502764.86935298,0.061314889778723715,1.0197073547642184,36.91179819042158,6.35789063267184,33
BU_09,2023-06-01,11670579.794545682,0.06302534617203577,1.0162827007445054,33.17902978504873,7.721910449652934,36
BU_09,2023-07-01,11664896.14244131,0.05534739777336777,1.042957933035109,30.8310418828315,7.835598076623881,39
BU_09,2023-08-01,12102171.297036583,0.04427709459712277,0.9532080954944755,41.317882379009625,11.389248252832523,42
BU_09,2023-09-01,11187989.605565993,0.0496572710014243,0.967690380462245,34.92737780648707,8.883922673537356,43
BU_09,2023-10-01,12256920.194782874,0.07035161216660889,1.0347677234087749,31.488869345971786,9.480883605410824,43
BU_09,2023-11-01,11761758.732475895,0.053380303093824605,1.0527733597669295,33.15425550922602,8.271136944726923,44
BU_09,2023-12-01,12156263.395403557,0.06066154159034423,0.9759755502959007,38.22453948035986,8.22949269438898,48
BU_09,2024-01-01,12483941.52250887,0.06466440679896278,1.0241149536631695,39.22203329559567,8.489290051718884,50
BU_09,2024-02-01,12525018.386086535,0.06870701852172695,1.029929407799708,32.876876659441756,6.129916955683143,50
BU_09,2024-03-01,12748764.973851584,0.07366896246375956,1.0218577881748425,41.96172392529187,7.28116165052496,50
BU_09,2024-04-01,12466392.524311746,0.06676293771643586,1.0329789443911577,33.18202980573501,7.045432079023721,51
BU_09,2024-05-01,12905564.432547424,0.06444927636313785,1.0494405943480396,32.91987033746718,7.0147094649294495,52
BU_09,2024-06-01,12984758.767204957,0.07891988175892858,1.0320586199517094,32.399405708702716,6.171770945940043,52
BU_09,2024-07-01,13717000.896129075,0.05395850596483523,1.0454287397172684,32.070375634339406,7.005425522922761,55
BU_09,2024-08-01,13294373.728348168,0.05938718889403244,1.0046709372305385,36.01906377080055,9.567675657100285,56
BU_09,2024-09-01,12812303.821104797,0.06002599522394883,1.0048607930850442,33.139692568487696,5.529430541599896,61
BU_09,2024-10-01,13790593.942961974,0.06658833128413033,1.051901176807485,31.687768498755247,8.887697816044057,62
BU_09,2024-11-01,13883482.953563493,0.06350177259005266,1.0220414692629816,33.44059514948731,11.306660884410473,66
BU_09,2024-12-01,14109083.916085612,0.044919213081163686,1.0325482973007076,38.226949183371104,11.243007046576928,70
BU_09,2025-01-01,14373789.92090255,0.048883589200131694,1.0408335799655328,28.023556658819167,7.913257567541967,71
BU_09,2025-02-01,15652217.669774812,0.04800691284493251,0.93292384998251,37.101185624092345,8.29233161450891,74
BU_09,2025-03-01,14225296.95002179,0.062039248203155435,1.0785949288476882,31.6831767018963,10.389041696522014,74
BU_09,2025-04-01,14692422.185680585,0.046745912530893476,0.974168197950182,39.883500215364855,6.739862313150599,78
BU_09,2025-05-01,15058314.941273825,0.04075485164749291,0.9782765286371558,41.24411678298906,10.36148234099648,79
BU_09,2025-06-01,14755507.810649864,0.05068487295896883,0.9774691222159907,34.03922184115995,7.9403206267132,80
BU_09,2025-07-01,15194055.09680042,0.05190147845593976,0.9607885308476946,41.01458124901757,10.538791847470677,83
BU_09,2025-08-01,15336624.151030382,0.054897317693772804,1.0572451276167976,32.34585509298216,6.808801277088051,83
BU_09,2025-09-01,16759960.047105234,0.06618796631040187,1.0197772598387544,30.473733338811147,8.984095433774701,83
BU_09,2025-10-01,16285647.262065263,0.06684784243158212,1.0337359722703525,29.16309730245475,9.861167645994621,83
BU_09,2025-11-01,15733117.127997387,0.07672703618977146,1.0015989384729889,29.638488093443755,8.117402257086965,85
BU_09,2025-12-01,16276681.895102352,0.06818815106804427,1.082751511835211,35.09453806532051,5.846840581377313,85
BU_10,2022-01-01,8188024.1452585505,0.05075476773154358,0.9879260397813681,30.944995435465305,9.437643993622595,2
BU_10,2022-02-01,8365563.595674152,0.056899476209381086,0.9022684261412256,43.78700121472477,9.023815330876563,5
BU_10,2022-03-01,7845901.498915108,0.05922197080899808,0.9368055134304358,33.194932318246465,6.8985633904547266,8
BU_10,2022-04-01,8718970.049420651,0.06790599665522509,0.9839506783445403,32.33181266428621,8.497650234108649,11
BU_10,2022-05-01,9652048.387361893,0.067423794253539,1.0411756844130342,33.06352626150601,8.01902733165914,12
BU_10,2022-06-01,9183556.017173989,0.0648804555418398,1.0293199869034457,36.54764691751317,6.7931233290140405,12
BU_10,2022-07-01,9061583.547424057,0.07286694305403399,0.9861018845400809,36.90912017141358,6.541244465639812,13
BU_10,2022-08-01,9743552.825315416,0.07325300601831307,0.9481733129867699,38.49381890669861,5.615235530266118,13
BU_10,2022-09-01,9286792.438130487,0.050671846213381444,0.9801712781700457,35.97854415171635,9.205151637106686,16
BU_10,2022-10-01,9430937.962927876,0.04766233892635389,0.9735057677470408,39.7096429562831,7.143541273163511,18
BU_10,2022-11-01,10016817.478579031,0.04555192177843654,1.0200231397942185,35.156864015840014,8.83918893116028,21
BU_10,2022-12-01,9997436.679056862,0.06486468071235356,0.9987421149715452,35.81716320953282,9.516723794182937,24
BU_10,2023-01-01,9904764.377653718,0.05137415354360927,1.047958882314954,36.449114444424,6.752484469968899,26
BU_10,2023-02-01,10729836.38766544,0.055043214677894366,0.976608687627115,34.67548569581234,7.863628985527607,31
BU_10,2023-03-01,10317492.271722946,0.06726844343752361,0.9739119241997959,35.095732991524685,6.20050684441913,32
BU_10,2023-04-01,11863306.490432696,0.07369950454570195,1.0131278407910818,32.21281282275673,9.282828928999765,36
BU_10,2023-05-01,11062176.45642168,0.059689452026392385,1.0437730902428952,29.951831196572385,5.769409547001262,39
BU_10,2023-06-01,12180858.653339792,0.07595664029718616,1.0064671404778365,39.31344597753162,8.398260273757007,44
BU_10,2023-07-01,12074905.371290702,0.05846028004140794,1.0159635855851956,34.36118435181178,7.494916280216306,45
BU_10,2023-08-01,11654551.59689265,0.0774585636802812,1.0151153515725932,32.10275540175058,9.264973184398459,47
BU_10,2023-09-01,12279143.419675397,0.050456114721137556,1.0461268674985715,36.049347784354715,7.896871383290854,49
BU_10,2023-10-01,13205345.15426708,0.055744055200896626,0.9243879657142089,39.58013555082827,10.974876398961118,52
BU_10,2023-11-01,12742265.643069768,0.058293178400074655,1.060480700930147,37.831054314702556,7.846817919994583,55
BU_10,2023-12-01,13650155.812419208,0.06718287306775222,1.0004532982904082,38.353949002463956,8.233257779971282,57
BU_10,2024-01-01,13140046.77716695,0.05455547816001949,0.9729179277381412,31.539915207616996,9.250947642403382,57
BU_10,2024-02-01,13805159.980929947,0.06829981483728456,1.022078461926668,32.00368918894102,8.738443973916734,59
BU_10,2024-03-01,13875922.56604338,0.06564120834888204,0.9617923817304965,33.120731402303065,6.819059654798453,60
BU_10,2024-04-01,13809020.46258654,0.07461160182120828,0.980549157167294,36.65794684203177,8.459487125791222,63
BU_10,2024-05-01,14038650.726700684,0.04741006729714346,0.9881795066680759,36.97279755313665,7.158545372282433,64
BU_10,2024-06-01,14122484.779065724,0.06599553582578925,1.075621604859499,35.28233790589548,10.68084600420553,65
BU_10,2024-07-01,14178752.865089348,0.0769351474312805,0.9949090184772685,39.859679216101036,4.774480733748701,71
BU_10,2024-08-01,14445890.225220967,0.06603646234139061,1.005116304248313,35.40369525418278,9.882704593541572,75
BU_10,2024-09-01,15204899.070731873,0.0713830456186314,0.965548734592038,38.22556737387763,7.910412622932332,78
BU_10,2024-10-01,14581497.591326708,0.05613746147108836,1.129877360736558,28.467076166854934,6.06292250118771,79
BU_10,2024-11-01,15933652.473576803,0.046812519822100905,1.0282352311584393,36.95203009434604,6.016429574866362,82
BU_10,2024-12-01,15439078.672772447,0.0638988799690188,0.9463014186585027,42.550221348000065,8.206045055475347,85
BU_10,2025-01-01,16284594.680685626,0.06843778198096184,0.9986665545981442,35.98510767745695,6.223377101493292,85
BU_10,2025-02-01,17346926.14444496,0.04704767548998552,0.9854915679774301,34.863861602017366,8.710760870450805,87
BU_10,2025-03-01,16781986.198868148,0.05862314084182399,1.022327754173557,35.85119775381203,7.408554292245869,89
BU_10,2025-04-01,16865869.62349584,0.05630497869708596,0.9957260840211518,35.35356872660126,8.51034387553798,89
BU_10,2025-05-01,16102926.539909897,0.06354938467682579,1.039937037686389,31.19416668681514,5.7706818689613275,89
BU_10,2025-06-01,16553006.838603903,0.06127344683038555,1.0682300165706646,36.1658853060265,4.353291117562785,92
BU_10,2025-07-01,17159436.05434998,0.06271753162227167,1.0177725822718775,33.41227410192072,5.950383516858594,92
BU_10,2025-08-01,16953960.714642733,0.07423233900328316,1.0221146320495413,34.46037815443129,10.519489405372118,93
BU_10,2025-09-01,16381400.492327513,0.06798950285175567,1.0166462095133548,32.60628314344447,9.792455681542597,96
BU_10,2025-10-01,17075683.273761306,0.05399149963743952,1.0099073549551172,37.46924589473695,9.054838834933184,98
BU_10,2025-11-01,16526278.564346781,0.08143654721428487,1.0479837474855205,30.261033680870604,9.298831956230957,99
BU_10,2025-12-01,17355300.48443745,0.05907872536666829,1.0243140377158042,33.71645478867926,8.652339721688891,99
