employee_id,effective_date,base_pay,bonus_target,compa_ratio,merit_pct,promo_flag
1,2024-03-01,64797.59,0.068,0.7691,0.0,0
1,2025-03-01,68323.91,0.068,0.7691,0.0544,0
3,2023-03-01,89021.09,0.0298,0.9399,0.0,0
3,2024-03-01,89021.09,0.0298,0.9399,0.0,0
3,2025-03-01,89021.09,0.0298,0.9399,0.0,0
4,2023-03-01,89614.97,0.042,1.0189,0.0,0
4,2024-03-01,89614.97,0.042,1.0189,0.0,0
4,2025-03-01,92700.6,0.042,1.0189,0.0344,0
5,2022-03-01,127889.67,0.0801,0.9227,0.053,0
5,2023-03-01,127889.67,0.0801,0.9227,0.0,0
5,2024-03-01,127889.67,0.0801,0.9227,0.0,0
5,2025-03-01,135837.7,0.0801,0.9227,0.0621,0
6,2022-03-01,61008.23,0.0489,0.8145,0.0094,0
6,2023-03-01,64419.91,0.0489,0.8145,0.0559,0
6,2024-03-01,64419.91,0.0489,0.8145,0.0,0
6,2025-03-01,66100.86,0.0489,0.8145,0.0261,0
7,2025-03-01,78945.05,0.0941,0.8667,0.0,0
8,2025-03-01,69897.89,0.0354,0.815,0.0,0
9,2023-03-01,72295.76,0.0418,1.1062,0.0,0
9,2024-03-01,72295.76,0.0418,1.1062,0.0,0
9,2025-03-01,75750.44,0.0418,1.1062,0.0478,0
10,2025-03-01,80655.79,0.0658,0.8496,0.0,0
11,2023-03-01,133989.95,0.0674,1.3402,0.0124,0
11,2024-03-01,133989.95,0.0674,1.3402,0.0,0
11,2025-03-01,138823.34,0.0674,1.3402,0.0361,0
14,2023-03-01,86920.03,0.0385,0.8636,0.0,0
14,2024-03-01,91141.82,0.0385,0.8636,0.0486,0
14,2025-03-01,95188.32,0.0385,0.8636,0.0444,0
15,2025-03-01,84848.36,0.0712,0.9394,0.0473,0
16,2025-03-01,74442.47,0.0349,1.034,0.0,0
17,2023-03-01,76155.33,0.0427,1.1154,0.0,0
17,2024-03-01,76155.33,0.0427,1.1154,0.0,0
17,2025-03-01,76155.33,0.0427,1.1154,0.0,0
18,2023-03-01,100172.89,0.0475,1.0966,0.0385,0
18,2024-03-01,105051.14,0.0475,1.0966,0.0487,0
18,2025-03-01,105051.14,0.0475,1.0966,0.0,0
19,2024-03-01,62748.38,0.0452,0.7299,0.0,0
19,2025-03-01,64435.7,0.0452,0.7299,0.0269,0
20,2025-03-01,76859.12,0.0471,0.9507,0.0587,0
22,2025-03-01,79431.26,0.0525,0.9633,0.0454,0
23,2025-03-01,99266.95,0.0512,0.958,0.0,0
24,2024-03-01,104846.27,0.0495,0.7493,0.0736,0
24,2025-03-01,108153.95,0.0495,0.7493,0.0315,0
25,2025-03-01,79484.57,0.0889,0.9843,0.0537,0
26,2025-03-01,167880.89,0.1066,1.1188,0.0421,0
27,2023-03-01,110453.61,0.0691,1.006,0.0427,0
27,2024-03-01,110453.61,0.0691,1.006,0.0,0
27,2025-03-01,110453.61,0.0691,1.006,0.0,0
28,2024-03-01,66479.07,0.0733,0.9517,0.0,0
28,2025-03-01,66479.07,0.0733,0.9517,0.0,0
29,2025-03-01,101757.47,0.1012,1.1274,0.0286,0
30,2022-03-01,88228.87,0.0714,0.9995,0.0432,0
30,2023-03-01,91773.37,0.0714,0.9995,0.0402,0
31,2025-03-01,67241.31,0.0729,0.8605,0.0,0
32,2023-03-01,127673.21,0.0487,1.2139,0.0388,0
32,2024-03-01,127673.21,0.0487,1.2139,0.0,0
32,2025-03-01,130740.78,0.0487,1.2139,0.024,0
33,2024-03-01,75644.69,0.0377,0.8875,0.049,0
34,2025-03-01,116600.25,0.0793,1.0847,0.0,0
35,2023-03-01,76426.14,0.0439,0.936,0.0,0
35,2024-03-01,77547.64,0.0439,0.936,0.0147,0
35,2025-03-01,79246.83,0.0439,0.936,0.0219,0
36,2023-03-01,59366.04,0.04,0.7698,0.0476,0
36,2024-03-01,59366.04,0.04,0.7698,0.0,0
36,2025-03-01,61204.27,0.04,0.7698,0.031,0
37,2023-03-01,71675.54,0.0424,0.9223,0.0,0
37,2024-03-01,71675.54,0.0424,0.9223,0.0,0
37,2025-03-01,72720.35,0.0424,0.9223,0.0146,0
39,2022-03-01,77655.03,0.0442,0.9771,0.0183,0
39,2023-03-01,77655.03,0.0442,0.9771,0.0,0
39,2024-03-01,82320.86,0.0442,0.9771,0.0601,0
39,2025-03-01,84898.87,0.0442,0.9771,0.0313,0
41,2023-03-01,93648.49,0.0959,0.7722,0.0,0
41,2024-03-01,97929.2,0.0959,0.7722,0.0457,0
41,2025-03-01,97929.2,0.0959,0.7722,0.0,0
44,2024-03-01,53400.02,0.0275,0.8402,0.0,0
44,2025-03-01,56177.34,0.0275,0.8402,0.052,0
45,2024-03-01,75221.43,0.0624,0.8965,0.0684,0
45,2025-03-01,79665.77,0.0624,0.8965,0.0591,0
46,2024-03-01,93126.23,0.0587,0.974,0.0,0
46,2025-03-01,99205.55,0.0587,0.974,0.0653,0
47,2024-03-01,66915.97,0.0658,0.9267,0.0,0
47,2025-03-01,69208.49,0.0658,0.9267,0.0343,0
48,2023-03-01,81841.73,0.0528,0.8301,0.0315,0
48,2024-03-01,81841.73,0.0528,0.8301,0.0,0
48,2025-03-01,81841.73,0.0528,0.8301,0.0,0
49,2022-03-01,116762.16,0.0932,1.1611,0.0552,0
49,2023-03-01,116762.16,0.0932,1.1611,0.0,0
49,2024-03-01,125099.06,0.0932,1.1611,0.0714,0
49,2025-03-01,133828.23,0.0932,1.1611,0.0698,0
50,2022-03-01,79897.24,0.0611,0.9975,0.0,0
50,2023-03-01,79897.24,0.0611,0.9975,0.0,0
50,2024-03-01,84174.18,0.0611,0.9975,0.0535,0
50,2025-03-01,85872.1,0.0611,0.9975,0.0202,0
51,2024-03-01,67770.49,0.063,0.924,0.0382,0
51,2025-03-01,67770.49,0.063,0.924,0.0,0
52,2023-03-01,64353.77,0.0208,0.9084,0.0061,0
52,2024-03-01,64353.77,0.0208,0.9084,0.0,0
52,2025-03-01,66830.51,0.0208,0.9084,0.0385,0
53,2024-03-01,151196.64,0.0779,0.9551,0.0434,0
53,2025-03-01,151196.64,0.0779,0.9461,0.0,0
55,2023-03-01,90676.44,0.0711,0.7484,0.0642,0
56,2024-03-01,51022.3,0.02,0.9414,0.0,0
56,2025-03-01,51022.3,0.02,0.9414,0.0,0
57,2024-03-01,136459.96,0.071,1.0434,0.0,0
57,2025-03-01,136459.96,0.071,1.0434,0.0,0
58,2025-03-01,124193.28,0.0946,0.8096,0.0388,0
60,2025-03-01,125370.57,0.0864,1.2333,0.0173,0
62,2022-03-01,82425.7,0.0569,1.0965,0.049,0
62,2023-03-01,86548.11,0.0569,1.0965,0.05,0
62,2024-03-01,89718.93,0.0569,1.0965,0.0366,0
62,2025-03-01,93101.24,0.0569,1.0965,0.0377,0
63,2025-03-01,113704.99,0.0758,1.0788,0.0627,0
64,2025-03-01,74414.0,0.0682,0.866,0.0632,0
65,2023-03-01,160503.09,0.0925,1.0899,0.0301,0
65,2024-03-01,160503.09,0.0925,1.0899,0.0,0
65,2025-03-01,165045.29,0.0925,1.0899,0.0283,0
67,2023-03-01,93279.8,0.049,1.0516,0.0,0
67,2024-03-01,98199.4,0.049,1.0516,0.0527,0
67,2025-03-01,98199.4,0.049,1.0516,0.0,0
68,2025-03-01,65956.68,0.051,0.9363,0.0301,0
69,2023-03-01,59193.33,0.0429,0.7895,0.0,0
69,2024-03-01,59193.33,0.0429,0.7895,0.0,0
69,2025-03-01,59545.02,0.0429,0.7895,0.0059,0
70,2024-03-01,68465.45,0.0272,0.831,0.0,0
70,2025-03-01,68465.45,0.0272,0.831,0.0,0
71,2025-03-01,109976.35,0.0849,0.9143,0.0,0
72,2024-03-01,88233.26,0.0602,1.0739,0.0317,0
72,2025-03-01,88233.26,0.0602,1.0739,0.0,0
74,2023-03-01,118997.84,0.0913,1.1371,0.0574,0
74,2024-03-01,118997.84,0.0913,1.1371,0.0,0
74,2025-03-01,122951.85,0.0913,1.1371,0.0332,0
75,2025-03-01,68109.16,0.0611,0.7943,0.0,0
76,2023-03-01,90496.54,0.0337,0.8017,0.0,0
76,2024-03-01,90949.02,0.0337,0.8017,0.005,0
76,2025-03-01,90949.02,0.0337,0.8017,0.0,0
77,2024-03-01,66385.81,0.0561,0.8029,0.0402,0
77,2025-03-01,71141.09,0.0561,0.8029,0.0716,0
79,2025-03-01,59493.15,0.0204,1.1189,0.0,0
80,2023-03-01,58156.25,0.05,0.7146,0.0,0
80,2024-03-01,58156.25,0.05,0.7146,0.0,0
80,2025-03-01,58674.87,0.05,0.7146,0.0089,0
81,2025-03-01,81756.4,0.0586,0.7,0.0,0
82,2025-03-01,73307.38,0.0471,0.7754,0.0314,0
84,2024-03-01,88358.76,0.0344,0.7848,0.0,0
84,2025-03-01,90425.55,0.0344,0.7848,0.0234,0
85,2023-03-01,97953.88,0.0639,1.1797,0.0,0
85,2024-03-01,97953.88,0.0639,1.1797,0.0,0
85,2025-03-01,97953.88,0.0639,1.1797,0.0,0
86,2023-03-01,74737.25,0.0974,0.9739,0.0,0
86,2024-03-01,79058.08,0.0974,0.9739,0.0578,0
86,2025-03-01,82665.45,0.0974,0.9739,0.0456,0
87,2023-03-01,78966.21,0.0856,0.8695,0.0638,0
87,2024-03-01,82724.82,0.0856,0.8695,0.0476,0
87,2025-03-01,86658.85,0.0856,0.8695,0.0476,0
88,2024-03-01,72042.55,0.0731,0.7861,0.0,0
88,2025-03-01,75623.81,0.0731,0.7861,0.0497,0
89,2022-03-01,106460.49,0.0735,1.0066,0.055,0
89,2023-03-01,111956.5,0.0735,1.0066,0.0516,0
89,2024-03-01,117417.24,0.0735,1.0066,0.0488,0
89,2025-03-01,122421.88,0.0735,1.0066,0.0426,0
90,2024-03-01,120208.44,0.0773,1.1592,0.0,0
90,2025-03-01,124863.36,0.0773,1.1592,0.0387,0
91,2023-03-01,67600.5,0.0239,0.9706,0.026,0
91,2024-03-01,71674.84,0.0239,0.9706,0.0603,0
91,2025-03-01,73500.46,0.0239,0.9706,0.0255,0
92,2023-03-01,59309.42,0.0526,1.0274,0.0,0
92,2024-03-01,59309.42,0.0526,1.0274,0.0,0
92,2025-03-01,59309.42,0.0526,1.0274,0.0,0
93,2025-03-01,86160.72,0.0406,0.9688,0.0,0
94,2024-03-01,124585.79,0.0831,0.9114,0.0594,0
94,2025-03-01,124585.79,0.0831,0.9114,0.0,0
95,2023-03-01,119399.13,0.0847,0.8227,0.0332,0
95,2024-03-01,119399.13,0.0847,0.8227,0.0,0
95,2025-03-01,125597.13,0.0847,0.8227,0.0519,0
96,2025-03-01,147275.96,0.1195,0.8626,0.0,0
97,2022-03-01,79362.68,0.0613,0.9417,0.0,0
97,2023-03-01,82981.56,0.0613,0.9417,0.0456,0
97,2024-03-01,87390.9,0.0613,0.9417,0.0531,0
97,2025-03-01,87390.9,0.0613,0.9417,0.0,0
98,2025-03-01,55582.05,0.0267,0.8261,0.0,0
99,2025-03-01,125440.92,0.0813,1.0842,0.0,0
100,2023-03-01,102704.32,0.0618,0.9356,0.0,0
100,2024-03-01,105420.42,0.0618,0.9356,0.0264,0
100,2025-03-01,105420.42,0.0618,0.9356,0.0,0
101,2025-03-01,85622.36,0.0736,0.7974,0.0225,0
102,2024-03-01,90798.67,0.0596,1.0737,0.0,0
102,2025-03-01,90798.67,0.0596,1.0737,0.0,0
103,2024-03-01,113600.9,0.0813,0.7608,0.0,0
103,2025-03-01,117241.07,0.0813,0.7608,0.032,0
104,2022-03-01,90095.0,0.0474,0.8438,0.0,0
105,2023-03-01,98493.11,0.0538,1.0944,0.0537,0
105,2024-03-01,101714.56,0.0538,1.0944,0.0327,0
105,2025-03-01,104796.62,0.0538,1.0944,0.0303,0
107,2023-03-01,65169.19,0.02,0.9632,0.005,0
107,2024-03-01,67534.61,0.02,0.9632,0.0363,0
107,2025-03-01,70093.58,0.02,0.9632,0.0379,0
108,2024-03-01,82662.62,0.0537,0.8317,0.0525,0
108,2025-03-01,83309.37,0.0537,0.8317,0.0078,0
109,2024-03-01,131323.8,0.0938,1.0209,0.0306,0
109,2025-03-01,139162.27,0.0938,1.0209,0.0597,0
110,2024-03-01,143717.0,0.1128,1.1545,0.0575,0
110,2025-03-01,147320.58,0.1128,1.1545,0.0251,0
111,2022-03-01,116898.94,0.072,0.9144,0.0239,0
111,2023-03-01,119905.08,0.072,0.9144,0.0257,0
111,2024-03-01,119905.08,0.072,0.9144,0.0,0
111,2025-03-01,119905.08,0.072,0.9144,0.0,0
112,2023-03-01,74612.39,0.0837,0.926,0.0,0
112,2024-03-01,74612.39,0.0837,0.926,0.0,0
112,2025-03-01,77861.45,0.0837,0.926,0.0435,0
113,2025-03-01,114104.77,0.0938,1.0055,0.0,0
114,2023-03-01,95198.13,0.0523,1.1508,0.0,0
114,2024-03-01,95198.13,0.0523,1.1508,0.0,0
114,2025-03-01,98907.87,0.0523,1.1508,0.039,0
115,2023-03-01,90510.72,0.0488,1.025,0.0,0
115,2024-03-01,90510.72,0.0488,1.025,0.0,0
115,2025-03-01,92746.94,0.0488,1.025,0.0247,0
116,2022-03-01,100089.96,0.0564,0.8717,0.0,0
116,2023-03-01,103788.11,0.0564,0.8717,0.0369,0
116,2024-03-01,109305.87,0.0564,0.8717,0.0532,0
116,2025-03-01,109305.87,0.0564,0.8717,0.0,0
119,2022-03-01,78664.42,0.0445,0.8949,0.0297,0
119,2023-03-01,78664.42,0.0445,0.8949,0.0,0
119,2024-03-01,79057.74,0.0445,0.8949,0.005,0
119,2025-03-01,83042.46,0.0445,0.8949,0.0504,0
120,2023-03-01,79203.94,0.0908,0.9477,0.0551,0
120,2024-03-01,81030.03,0.0908,0.9477,0.0231,0
120,2025-03-01,81030.03,0.0908,0.9477,0.0,0
121,2023-03-01,75663.54,0.044,0.7125,0.0,0
121,2024-03-01,78313.65,0.044,0.7125,0.035,0
121,2025-03-01,80130.38,0.044,0.7125,0.0232,0
122,2025-03-01,82147.59,0.0347,1.1728,0.0252,0
123,2024-03-01,103886.39,0.0705,0.8619,0.0,0
123,2025-03-01,111415.6,0.0705,0.8619,0.0725,0
124,2024-03-01,72524.89,0.0846,0.8036,0.0,0
124,2025-03-01,74864.0,0.0846,0.8036,0.0323,0
125,2025-03-01,66079.34,0.0636,0.8795,0.0414,0
126,2024-03-01,102094.95,0.0687,0.995,0.0137,0
126,2025-03-01,102094.95,0.0687,0.995,0.0,0
128,2025-03-01,78167.0,0.0849,0.7,0.024,0
129,2023-03-01,64078.67,0.0606,0.9242,0.0,0
129,2024-03-01,64078.67,0.0606,0.9242,0.0,0
129,2025-03-01,66906.96,0.0606,0.9242,0.0441,0
130,2023-03-01,68362.45,0.0514,0.9323,0.0635,0
130,2024-03-01,68362.45,0.0514,0.9323,0.0,0
130,2025-03-01,70838.14,0.0514,0.9323,0.0362,0
131,2023-03-01,74019.01,0.0819,0.955,0.0,0
131,2024-03-01,79940.54,0.0819,0.955,0.08,0
131,2025-03-01,82228.01,0.0819,0.955,0.0286,0
132,2023-03-01,86850.36,0.0766,0.7445,0.0,0
132,2024-03-01,90910.47,0.0766,0.7445,0.0467,0
132,2025-03-01,90910.47,0.0766,0.7445,0.0,0
134,2023-03-01,117757.96,0.0735,1.0356,0.0,0
134,2024-03-01,117757.96,0.0735,1.0356,0.0,0
134,2025-03-01,117757.96,0.0735,1.0356,0.0,0
135,2023-03-01,82508.49,0.0585,0.7698,0.0233,0
135,2024-03-01,85509.77,0.0585,0.7698,0.0364,0
135,2025-03-01,90153.37,0.0585,0.7698,0.0543,0
136,2025-03-01,102949.46,0.057,0.7835,0.0493,0
137,2024-03-01,62478.84,0.0538,0.8107,0.0133,0
137,2025-03-01,62478.84,0.0538,0.8107,0.0,0
138,2023-03-01,62662.41,0.048,0.8739,0.0,0
138,2024-03-01,62662.41,0.048,0.8739,0.0,0
138,2025-03-01,64426.55,0.048,0.8739,0.0282,0
139,2023-03-01,104218.84,0.0653,1.3359,0.0,0
139,2024-03-01,105691.35,0.0653,1.3359,0.0141,0
139,2025-03-01,105691.35,0.0653,1.3359,0.0,0
140,2024-03-01,62520.46,0.0471,0.906,0.0298,0
140,2025-03-01,64035.53,0.0471,0.906,0.0242,0
141,2025-03-01,81719.0,0.0635,1.1135,0.0,0
142,2022-03-01,79203.61,0.02,0.9947,0.0,0
142,2023-03-01,79203.61,0.02,0.9947,0.0,0
142,2024-03-01,79203.61,0.02,0.9947,0.0,0
142,2025-03-01,79203.61,0.02,0.9947,0.0,0
143,2023-03-01,99212.66,0.048,1.0671,0.0462,0
143,2024-03-01,102232.28,0.048,1.0671,0.0304,0
143,2025-03-01,102232.28,0.048,1.0671,0.0,0
144,2024-03-01,73372.96,0.082,0.8351,0.0394,0
144,2025-03-01,73372.96,0.082,0.8351,0.0,0
145,2023-03-01,81862.95,0.042,1.2162,0.0435,0
145,2024-03-01,81862.95,0.042,1.2162,0.0,0
145,2025-03-01,81862.95,0.042,1.2162,0.0,0
146,2024-03-01,107434.23,0.0718,0.9177,0.0246,0
146,2025-03-01,112144.51,0.0718,0.9177,0.0438,0
147,2024-03-01,56873.0,0.0437,0.7939,0.0,0
147,2025-03-01,56873.0,0.0437,0.7939,0.0,0
148,2023-03-01,108394.45,0.0755,1.0956,0.0255,0
148,2024-03-01,114803.8,0.0755,1.0956,0.0591,0
148,2025-03-01,114803.8,0.0755,1.0956,0.0,0
150,2024-03-01,140197.83,0.0733,1.0915,0.0051,0
150,2025-03-01,144772.34,0.0733,1.0915,0.0326,0
151,2023-03-01,66532.6,0.0611,0.948,0.0,0
151,2024-03-01,70470.62,0.0611,0.948,0.0592,0
152,2024-03-01,105062.25,0.0531,1.0747,0.0319,0
152,2025-03-01,109041.27,0.0531,1.0747,0.0379,0
153,2025-03-01,89478.78,0.0794,0.9147,0.0,0
154,2025-03-01,93889.66,0.0861,0.9455,0.0537,0
155,2023-03-01,60806.08,0.0528,0.7,0.0,0
155,2024-03-01,60806.08,0.0528,0.7,0.0,0
155,2025-03-01,60806.08,0.0528,0.7,0.0,0
157,2024-03-01,67524.75,0.0756,0.9609,0.053,0
157,2025-03-01,67524.75,0.0756,0.9609,0.0,0
158,2023-03-01,78494.82,0.0582,0.8453,0.0,0
158,2024-03-01,78494.82,0.0582,0.8453,0.0,0
158,2025-03-01,78494.82,0.0582,0.8453,0.0,0
159,2023-03-01,59656.69,0.0378,0.8364,0.0,0
159,2024-03-01,61769.09,0.0378,0.8364,0.0354,0
159,2025-03-01,63164.19,0.0378,0.8364,0.0226,0
160,2023-03-01,137671.6,0.1119,1.289,0.0,0
160,2024-03-01,143869.88,0.1119,1.289,0.045,0
160,2025-03-01,147388.37,0.1119,1.289,0.0245,0
161,2025-03-01,94549.42,0.0521,0.9895,0.0,0
162,2023-03-01,89480.82,0.0478,0.9748,0.0,0
162,2024-03-01,91151.37,0.0478,0.9748,0.0187,0
162,2025-03-01,95324.52,0.0478,0.9748,0.0458,0
163,2023-03-01,99061.61,0.0928,1.0189,0.0363,0
163,2024-03-01,102684.3,0.0928,1.0189,0.0366,0
163,2025-03-01,107781.07,0.0928,1.0189,0.0496,0
164,2025-03-01,73172.2,0.0722,0.789,0.0,0
165,2023-03-01,102804.05,0.0651,1.1444,0.0,0
165,2024-03-01,103318.07,0.0651,1.1444,0.005,0
165,2025-03-01,107864.53,0.0651,1.1444,0.044,0
166,2022-03-01,72955.64,0.0406,1.0167,0.0216,0
166,2023-03-01,73757.03,0.0406,1.0167,0.011,0
166,2024-03-01,76737.54,0.0406,1.0167,0.0404,0
166,2025-03-01,76737.54,0.0406,1.0167,0.0,0
167,2022-03-01,76443.24,0.0761,1.0074,0.064,0
168,2023-03-01,131097.77,0.1179,0.9172,0.0468,0
168,2024-03-01,136299.65,0.1179,0.9172,0.0397,0
168,2025-03-01,141039.95,0.1179,0.9172,0.0348,0
169,2023-03-01,157708.6,0.0976,1.3386,0.0,0
169,2024-03-01,157708.6,0.0976,1.3386,0.0,0
170,2024-03-01,102195.91,0.0699,1.0665,0.0238,0
170,2025-03-01,102195.91,0.0699,1.0665,0.0,0
171,2023-03-01,106047.18,0.0744,0.841,0.0,0
171,2024-03-01,108633.59,0.0744,0.841,0.0244,0
171,2025-03-01,109176.76,0.0744,0.841,0.005,0
172,2023-03-01,137773.65,0.0734,0.805,0.0,0
172,2024-03-01,137773.65,0.0734,0.805,0.0,0
172,2025-03-01,142167.29,0.0734,0.805,0.0319,0
173,2025-03-01,62746.79,0.0532,0.7686,0.0,0
174,2024-03-01,98742.79,0.053,1.0351,0.0402,0
174,2025-03-01,102908.26,0.053,1.0351,0.0422,0
175,2024-03-01,148744.93,0.0685,1.2104,0.0419,0
175,2025-03-01,148744.93,0.0685,1.2104,0.0,0
176,2024-03-01,60601.76,0.053,0.844,0.0,0
176,2025-03-01,62083.98,0.053,0.844,0.0245,0
177,2023-03-01,105623.21,0.0529,0.994,0.0679,0
177,2024-03-01,111134.08,0.0529,0.994,0.0522,0
177,2025-03-01,114522.74,0.0529,0.994,0.0305,0
178,2024-03-01,99552.27,0.0551,0.9849,0.0,0
178,2025-03-01,100944.13,0.0551,0.9849,0.014,0
179,2024-03-01,99190.63,0.0545,1.1237,0.063,0
179,2025-03-01,99190.63,0.0545,1.1237,0.0,0
180,2023-03-01,100607.1,0.0649,0.8276,0.0436,0
180,2024-03-01,104561.86,0.0649,0.8276,0.0393,0
180,2025-03-01,104561.86,0.0649,0.8276,0.0,0
182,2022-03-01,107414.2,0.0633,0.9013,0.0597,0
182,2023-03-01,107414.2,0.0633,0.9013,0.0,0
182,2024-03-01,107414.2,0.0633,0.9013,0.0,0
182,2025-03-01,110072.67,0.0633,0.9013,0.0247,0
183,2025-03-01,74885.81,0.0904,0.7575,0.0,0
184,2023-03-01,119623.69,0.0815,1.2324,0.0,0
184,2024-03-01,125015.24,0.0815,1.2324,0.0451,0
184,2025-03-01,125015.24,0.0815,1.2324,0.0,0
185,2025-03-01,81824.22,0.1042,0.7497,0.0307,0
186,2024-03-01,83561.78,0.0671,0.9046,0.0335,0
186,2025-03-01,85215.46,0.0671,0.9046,0.0198,0
187,2025-03-01,82398.7,0.0511,1.1362,0.0271,0
188,2023-03-01,97081.87,0.087,1.0125,0.0356,0
188,2024-03-01,97081.87,0.087,1.0125,0.0,0
188,2025-03-01,102379.27,0.087,1.0125,0.0546,0
189,2024-03-01,83146.29,0.0584,0.8698,0.0543,0
189,2025-03-01,87461.15,0.0584,0.8698,0.0519,0
190,2024-03-01,114843.75,0.0321,1.0986,0.0138,0
190,2025-03-01,117571.02,0.0321,1.0986,0.0237,0
191,2025-03-01,98465.91,0.0599,0.8527,0.0,0
192,2024-03-01,101248.21,0.055,1.1561,0.038,0
192,2025-03-01,101248.21,0.055,1.1561,0.0,0
194,2024-03-01,110347.65,0.062,1.169,0.0,0
194,2025-03-01,112351.34,0.062,1.169,0.0182,0
195,2023-03-01,120447.59,0.0733,1.1833,0.0,0
195,2024-03-01,120447.59,0.0733,1.1833,0.0,0
195,2025-03-01,120447.59,0.0733,1.1833,0.0,0
196,2024-03-01,116896.33,0.0854,0.9071,0.0544,0
196,2025-03-01,121144.82,0.0854,0.9071,0.0363,0
197,2023-03-01,67680.86,0.0679,0.7,0.0213,0
197,2024-03-01,67680.86,0.0679,0.7,0.0,0
197,2025-03-01,67680.86,0.0679,0.7,0.0,0
199,2025-03-01,61683.48,0.0449,0.9406,0.0,0
201,2023-03-01,77142.77,0.0594,0.8978,0.0,0
201,2024-03-01,80463.75,0.0594,0.8978,0.043,0
201,2025-03-01,85793.81,0.0594,0.8978,0.0662,0
202,2025-03-01,138433.15,0.0646,1.1021,0.006,0
203,2025-03-01,77401.14,0.0457,0.8936,0.0,0
204,2025-03-01,58268.6,0.0437,0.9184,0.0241,0
205,2024-03-01,76211.02,0.0401,0.8889,0.0,0
205,2025-03-01,81492.23,0.0401,0.8889,0.0693,0
206,2023-03-01,71543.9,0.0787,0.8447,0.0204,0
206,2024-03-01,71543.9,0.0787,0.8447,0.0,0
206,2025-03-01,71543.9,0.0787,0.8447,0.0,0
207,2025-03-01,73276.62,0.076,0.9348,0.0484,0
208,2024-03-01,95064.68,0.0787,0.8509,0.0337,0
208,2025-03-01,95064.68,0.0787,0.8509,0.0,0
209,2022-03-01,84559.28,0.0601,1.0736,0.0,0
209,2023-03-01,87544.61,0.0601,1.0736,0.0353,0
209,2024-03-01,90973.28,0.0601,1.0736,0.0392,0
209,2025-03-01,96508.86,0.0601,1.0239,0.0608,0
210,2023-03-01,96596.59,0.0551,1.076,0.0146,0
210,2024-03-01,97371.43,0.0551,1.076,0.008,0
210,2025-03-01,99015.94,0.0551,1.076,0.0169,0
212,2025-03-01,93801.52,0.0804,0.8631,0.0539,0
214,2024-03-01,112773.59,0.0697,1.0545,0.0527,0
214,2025-03-01,112773.59,0.0697,1.0545,0.0,0
215,2023-03-01,72612.05,0.0423,0.865,0.0,0
215,2024-03-01,72612.05,0.0423,0.865,0.0,0
215,2025-03-01,72612.05,0.0423,0.865,0.0,0
216,2023-03-01,74991.83,0.0872,0.9352,0.0393,0
216,2024-03-01,76972.49,0.0872,0.9352,0.0264,0
216,2025-03-01,76972.49,0.0872,0.9352,0.0,0
217,2023-03-01,120350.02,0.0705,0.9658,0.0304,0
217,2024-03-01,125563.98,0.0705,0.9658,0.0433,0
217,2025-03-01,125563.98,0.0705,0.9658,0.0,0
218,2022-03-01,54887.93,0.0273,0.8895,0.0,0
218,2023-03-01,54887.93,0.0273,0.8895,0.0,0
218,2024-03-01,58027.15,0.0273,0.8895,0.0572,0
218,2025-03-01,58027.15,0.0273,0.8895,0.0,0
219,2023-03-01,99791.97,0.0645,1.0683,0.0401,0
219,2024-03-01,100511.25,0.0645,1.0683,0.0072,0
219,2025-03-01,100511.25,0.0645,1.0683,0.0,0
220,2023-03-01,96221.37,0.0526,1.0309,0.0303,0
220,2024-03-01,96836.83,0.0526,1.0309,0.0064,0
220,2025-03-01,100953.08,0.0526,1.0309,0.0425,0
221,2024-03-01,82902.67,0.0489,1.0459,0.0469,0
221,2025-03-01,82902.67,0.0489,1.0459,0.0,0
223,2024-03-01,83872.66,0.046,1.0134,0.0,0
223,2025-03-01,85520.86,0.046,1.0134,0.0197,0
224,2025-03-01,70400.89,0.0742,0.8913,0.0,0
225,2024-03-01,67123.0,0.0645,0.7602,0.0,0
225,2025-03-01,67123.0,0.0645,0.7602,0.0,0
226,2023-03-01,98682.7,0.056,0.8777,0.0284,0
226,2024-03-01,99176.12,0.056,0.8777,0.005,0
226,2025-03-01,105686.19,0.056,0.8777,0.0656,0
227,2023-03-01,76954.53,0.038,1.0341,0.0363,0
227,2024-03-01,80467.38,0.038,1.0341,0.0456,0
227,2025-03-01,83903.16,0.038,1.0341,0.0427,0
228,2022-03-01,65000.14,0.0566,0.942,0.0402,0
228,2023-03-01,68397.02,0.0566,0.942,0.0523,0
228,2024-03-01,68397.02,0.0566,0.942,0.0,0
228,2025-03-01,70142.07,0.0566,0.942,0.0255,0
229,2023-03-01,127825.38,0.0852,0.9466,0.0477,0
229,2024-03-01,132941.58,0.0852,0.9466,0.04,0
229,2025-03-01,138659.47,0.0852,0.9466,0.043,0
230,2025-03-01,88530.35,0.066,0.7756,0.0438,0
231,2022-03-01,124826.96,0.0832,0.9959,0.0413,0
231,2023-03-01,124826.96,0.0832,0.9959,0.0,0
231,2024-03-01,124826.96,0.0832,0.9959,0.0,0
231,2025-03-01,128785.85,0.0832,0.9959,0.0317,0
233,2023-03-01,70891.76,0.02,0.9509,0.0,0
233,2024-03-01,72969.22,0.02,0.9509,0.0293,0
233,2025-03-01,75185.41,0.02,0.9509,0.0304,0
235,2025-03-01,132699.8,0.0538,1.2766,0.0458,0
236,2025-03-01,50945.9,0.0207,0.8971,0.0,0
237,2023-03-01,97481.65,0.0626,1.0643,0.0669,0
237,2024-03-01,98522.62,0.0626,1.0643,0.0107,0
237,2025-03-01,103084.81,0.0626,1.0643,0.0463,0
238,2025-03-01,57364.34,0.0258,0.7,0.0573,0
239,2025-03-01,72668.24,0.0439,0.7,0.0,0
240,2024-03-01,85445.42,0.071,0.8321,0.0,0
240,2025-03-01,87442.44,0.071,0.8321,0.0234,0
242,2023-03-01,153181.53,0.0878,1.2659,0.0,0
242,2024-03-01,159590.28,0.0878,1.2659,0.0418,0
242,2025-03-01,159590.28,0.0878,1.2659,0.0,0
245,2022-03-01,84613.95,0.0238,0.9058,0.0272,0
245,2023-03-01,85258.2,0.0238,0.9058,0.0076,0
245,2024-03-01,85258.2,0.0238,0.9058,0.0,0
245,2025-03-01,90309.89,0.0238,0.9058,0.0593,0
246,2024-03-01,81013.57,0.051,0.7874,0.0465,0
246,2025-03-01,84892.9,0.051,0.7874,0.0479,0
248,2023-03-01,101878.02,0.0631,1.271,0.0283,0
248,2024-03-01,101878.02,0.0631,1.271,0.0,0
248,2025-03-01,101878.02,0.0631,1.271,0.0,0
249,2024-03-01,96875.75,0.0988,0.7709,0.0,0
251,2024-03-01,58105.28,0.0518,0.7,0.0,0
251,2025-03-01,58989.01,0.0518,0.7,0.0152,0
252,2023-03-01,66388.44,0.0233,1.0766,0.0094,0
252,2024-03-01,66388.44,0.0233,1.0766,0.0,0
252,2025-03-01,66388.44,0.0233,1.0766,0.0,0
253,2024-03-01,75841.03,0.0499,0.9585,0.0,0
253,2025-03-01,75841.03,0.0499,0.9585,0.0,0
254,2023-03-01,94447.42,0.0427,1.0329,0.0302,0
254,2024-03-01,97784.77,0.0427,1.0329,0.0353,0
254,2025-03-01,97784.77,0.0427,1.0329,0.0,0
255,2024-03-01,72183.83,0.0301,0.9657,0.0,0
255,2025-03-01,74494.5,0.0301,0.9657,0.032,0
256,2022-03-01,111269.44,0.0783,1.0629,0.0222,0
256,2023-03-01,116805.58,0.0783,1.0629,0.0498,0
256,2024-03-01,122823.96,0.0783,1.0629,0.0515,0
256,2025-03-01,130394.16,0.0783,1.0629,0.0616,0
257,2024-03-01,70018.98,0.0651,0.9325,0.0437,0
257,2025-03-01,70372.63,0.0651,0.9325,0.0051,0
258,2024-03-01,130417.54,0.0959,1.0024,0.0311,0
258,2025-03-01,130417.54,0.0959,0.973,0.0,0
259,2025-03-01,84719.72,0.0494,0.8474,0.0533,0
260,2024-03-01,61641.26,0.0586,0.855,0.0,0
260,2025-03-01,64259.48,0.0586,0.855,0.0425,0
261,2024-03-01,112716.96,0.0919,1.0821,0.0403,0
261,2025-03-01,116012.71,0.0919,1.0821,0.0292,0
262,2025-03-01,66606.47,0.0599,0.8035,0.0,0
263,2023-03-01,72860.0,0.0762,0.9289,0.0618,0
263,2024-03-01,72860.0,0.0762,0.9289,0.0,0
263,2025-03-01,76794.95,0.0762,0.9289,0.054,0
264,2024-03-01,120122.42,0.0677,1.1601,0.0,0
264,2025-03-01,124600.98,0.0677,1.1601,0.0373,0
265,2023-03-01,89820.42,0.0743,0.896,0.0424,0
265,2024-03-01,92172.51,0.0743,0.896,0.0262,0
265,2025-03-01,93885.7,0.0743,0.896,0.0186,0
267,2022-03-01,70462.09,0.0221,0.8644,0.0,0
267,2023-03-01,70462.09,0.0221,0.8644,0.0,0
267,2024-03-01,72437.71,0.0221,0.8644,0.028,0
267,2025-03-01,72437.71,0.0221,0.8644,0.0,0
268,2024-03-01,98891.81,0.0598,1.2091,0.0455,0
268,2025-03-01,98891.81,0.0598,1.2091,0.0,0
269,2025-03-01,62103.38,0.0506,0.8847,0.0,0
270,2024-03-01,66906.88,0.0275,0.8301,0.0,0
271,2023-03-01,152288.16,0.0838,1.1846,0.0416,0
271,2024-03-01,157743.27,0.0838,1.1846,0.0358,0
271,2025-03-01,162442.43,0.0838,1.1846,0.0298,0
272,2024-03-01,85672.23,0.0421,1.0812,0.0,0
272,2025-03-01,85672.23,0.0421,1.0812,0.0,0
273,2024-03-01,106793.57,0.1219,0.8494,0.0426,0
273,2025-03-01,111328.62,0.1219,0.8494,0.0425,0
274,2025-03-01,68856.22,0.0307,1.0564,0.0,0
275,2023-03-01,106927.61,0.0557,1.1442,0.0543,0
275,2024-03-01,110101.24,0.0557,1.1442,0.0297,0
275,2025-03-01,113172.45,0.0557,1.1442,0.0279,0
276,2024-03-01,90700.45,0.0774,0.7986,0.0438,0
276,2025-03-01,90700.45,0.0774,0.7986,0.0,0
277,2024-03-01,99121.53,0.0573,1.1028,0.0,0
277,2025-03-01,99121.53,0.0573,1.1028,0.0,0
278,2024-03-01,109470.2,0.077,0.9508,0.0533,0
278,2025-03-01,111591.9,0.077,0.9508,0.0194,0
279,2024-03-01,71019.37,0.0676,0.8317,0.0,0
279,2025-03-01,71019.37,0.0676,0.8317,0.0,0
280,2024-03-01,59890.76,0.0484,0.7464,0.0,0
280,2025-03-01,61945.98,0.0484,0.7464,0.0343,0
281,2023-03-01,83314.25,0.0324,1.0564,0.0,0
282,2022-03-01,75021.06,0.0814,0.8348,0.0252,0
282,2023-03-01,77553.85,0.0814,0.8348,0.0338,0
282,2024-03-01,79904.51,0.0814,0.8348,0.0303,0
282,2025-03-01,79904.51,0.0814,0.8348,0.0,0
283,2023-03-01,66046.82,0.0342,0.9944,0.0,0
283,2024-03-01,66660.1,0.0342,0.9944,0.0093,0
283,2025-03-01,66660.1,0.0342,0.9944,0.0,0
284,2023-03-01,174841.11,0.0912,1.074,0.0598,0
284,2024-03-01,180925.8,0.0912,1.074,0.0348,0
284,2025-03-01,180925.8,0.0912,1.074,0.0,0
285,2024-03-01,105030.07,0.0784,0.9202,0.0,0
285,2025-03-01,105030.07,0.0784,0.9202,0.0,0
286,2024-03-01,100447.29,0.0575,0.9104,0.0694,0
286,2025-03-01,100447.29,0.0575,0.9104,0.0,0
287,2023-03-01,101525.41,0.0539,1.0475,0.0277,0
287,2024-03-01,101525.41,0.0539,1.0475,0.0,0
287,2025-03-01,101525.41,0.0539,1.0475,0.0,0
289,2022-03-01,71008.2,0.0693,0.8293,0.0,0
289,2023-03-01,74120.21,0.0693,0.8293,0.0438,0
289,2024-03-01,74120.21,0.0693,0.8293,0.0,0
289,2025-03-01,75488.49,0.0693,0.8293,0.0185,0
290,2025-03-01,52135.96,0.02,0.8628,0.0,0
291,2024-03-01,91407.78,0.0743,0.9686,0.0593,0
291,2025-03-01,93746.67,0.0743,0.9686,0.0256,0
292,2023-03-01,89757.1,0.0624,0.7284,0.0211,0
292,2024-03-01,90205.89,0.0624,0.7284,0.005,0
292,2025-03-01,97015.43,0.0624,0.7284,0.0755,0
293,2022-03-01,96191.98,0.0555,1.0296,0.0,0
293,2023-03-01,96191.98,0.0555,1.0296,0.0,0
293,2024-03-01,101682.63,0.0555,1.0296,0.0571,0
293,2025-03-01,104992.15,0.0555,1.0296,0.0325,0
294,2024-03-01,79113.71,0.0648,1.1111,0.0,0
295,2023-03-01,69245.88,0.0325,1.0565,0.0,0
295,2024-03-01,69245.88,0.0325,1.0565,0.0,0
295,2025-03-01,71688.84,0.0325,1.0565,0.0353,0
297,2024-03-01,73844.02,0.0694,0.9004,0.0323,0
297,2025-03-01,77075.65,0.0694,0.9004,0.0438,0
299,2023-03-01,55193.87,0.0252,0.9999,0.0329,0
299,2024-03-01,56316.88,0.0252,0.9999,0.0203,0
299,2025-03-01,56316.88,0.0252,0.9999,0.0,0
300,2025-03-01,58927.49,0.039,0.7,0.0,0
301,2024-03-01,70296.96,0.075,0.9635,0.0,0
301,2025-03-01,70296.96,0.075,0.9635,0.0,0
302,2025-03-01,81738.14,0.0672,0.8905,0.0,0
303,2023-03-01,128849.88,0.1193,0.9108,0.0526,0
303,2024-03-01,128849.88,0.1193,0.9108,0.0,0
303,2025-03-01,128849.88,0.1193,0.9108,0.0,0
304,2024-03-01,87449.7,0.0815,0.8348,0.0,0
304,2025-03-01,92978.57,0.0815,0.8348,0.0632,0
305,2024-03-01,87829.44,0.0767,0.7572,0.0,0
306,2025-03-01,98542.98,0.0447,0.9263,0.0436,0
307,2023-03-01,68199.64,0.0705,0.7399,0.0,0
307,2024-03-01,70260.83,0.0705,0.7399,0.0302,0
307,2025-03-01,72956.22,0.0705,0.7399,0.0384,0
309,2022-03-01,84167.9,0.0567,0.9851,0.0,0
309,2023-03-01,84167.9,0.0567,0.9851,0.0,0
309,2024-03-01,84167.9,0.0567,0.9851,0.0,0
309,2025-03-01,84167.9,0.0567,0.9851,0.0,0
310,2025-03-01,81988.8,0.0577,0.8917,0.0282,0
311,2025-03-01,100186.03,0.0628,1.18,0.0,0
312,2025-03-01,62802.85,0.0467,0.7941,0.0489,0
313,2024-03-01,99003.78,0.0654,0.9629,0.0,0
313,2025-03-01,99003.78,0.0654,0.9629,0.0,0
314,2024-03-01,83746.85,0.0649,0.8678,0.0271,0
314,2025-03-01,86728.43,0.0649,0.8678,0.0356,0
316,2023-03-01,62034.3,0.0562,0.9214,0.0552,0
316,2024-03-01,64773.95,0.0562,0.9214,0.0442,0
316,2025-03-01,64773.95,0.0562,0.9214,0.0,0
317,2024-03-01,85639.94,0.0735,0.935,0.0,0
318,2024-03-01,97830.02,0.0568,0.9851,0.0526,0
318,2025-03-01,102925.01,0.0568,0.9851,0.0521,0
319,2025-03-01,75411.04,0.0728,0.7133,0.0394,0
320,2023-03-01,77988.78,0.055,0.8847,0.0,0
320,2024-03-01,77988.78,0.055,0.8847,0.0,0
320,2025-03-01,77988.78,0.055,0.8847,0.0,0
321,2024-03-01,106043.88,0.0715,1.1774,0.0414,0
321,2025-03-01,108964.43,0.0715,1.1774,0.0275,0
322,2025-03-01,126619.81,0.0946,1.2113,0.0257,0
323,2022-03-01,75059.41,0.0387,0.9525,0.0294,0
323,2023-03-01,75059.41,0.0387,0.9525,0.0,0
323,2024-03-01,75059.41,0.0387,0.9525,0.0,0
323,2025-03-01,77835.77,0.0387,0.9525,0.037,0
325,2022-03-01,149143.89,0.0767,1.1481,0.0328,0
325,2023-03-01,149143.89,0.0767,1.1481,0.0,0
325,2024-03-01,149143.89,0.0767,1.1481,0.0,0
325,2025-03-01,149143.89,0.0767,1.1481,0.0,0
326,2023-03-01,123714.38,0.0706,1.0308,0.0482,0
326,2024-03-01,128939.77,0.0706,1.0308,0.0422,0
326,2025-03-01,128939.77,0.0706,1.0308,0.0,0
327,2022-03-01,62766.48,0.0458,0.9717,0.0,0
327,2023-03-01,62766.48,0.0458,0.9717,0.0,0
327,2024-03-01,62766.48,0.0458,0.9717,0.0,0
327,2025-03-01,66853.99,0.0458,0.9717,0.0651,0
328,2022-03-01,106459.47,0.066,0.8993,0.0411,0
328,2023-03-01,106459.47,0.066,0.8993,0.0,0
328,2024-03-01,106459.47,0.066,0.8993,0.0,0
328,2025-03-01,112077.64,0.066,0.8993,0.0528,0
331,2024-03-01,81082.78,0.0678,1.0658,0.0,0
331,2025-03-01,81858.04,0.0678,1.0658,0.0096,0
332,2023-03-01,70600.36,0.0722,0.8935,0.0617,0
332,2024-03-01,73933.7,0.0722,0.8935,0.0472,0
332,2025-03-01,77612.95,0.0722,0.8935,0.0498,0
333,2024-03-01,124409.52,0.1155,0.8604,0.0,0
334,2024-03-01,78664.75,0.0608,0.8859,0.0327,0
334,2025-03-01,78664.75,0.0608,0.8859,0.0,0
335,2023-03-01,139594.88,0.0653,1.2482,0.0,0
335,2024-03-01,139594.88,0.0653,1.2482,0.0,0
335,2025-03-01,139594.88,0.0653,1.2482,0.0,0
336,2023-03-01,114714.31,0.0396,1.0811,0.0,0
336,2024-03-01,114714.31,0.0396,1.0811,0.0,0
336,2025-03-01,114714.31,0.0396,1.0811,0.0,0
338,2023-03-01,76598.1,0.0847,0.7977,0.052,0
338,2024-03-01,76598.1,0.0847,0.7977,0.0,0
338,2025-03-01,79748.16,0.0847,0.7977,0.0411,0
339,2024-03-01,111450.46,0.0744,1.2111,0.0156,0
339,2025-03-01,111450.46,0.0744,1.2111,0.0,0
340,2023-03-01,58095.21,0.033,1.047,0.0,0
340,2024-03-01,58095.21,0.033,1.047,0.0,0
340,2025-03-01,58095.21,0.033,1.047,0.0,0
341,2025-03-01,88072.27,0.1093,0.9992,0.028,0
342,2023-03-01,130264.39,0.0865,1.0639,0.0475,0
342,2024-03-01,135040.46,0.0865,1.0639,0.0367,0
342,2025-03-01,138438.26,0.0865,1.0639,0.0252,0
343,2024-03-01,66930.19,0.0692,0.8089,0.0,0
343,2025-03-01,66930.19,0.0692,0.8089,0.0,0
344,2023-03-01,101115.45,0.1049,0.834,0.0374,0
346,2023-03-01,86030.01,0.0756,1.0228,0.0,0
346,2024-03-01,86030.01,0.0756,1.0228,0.0,0
346,2025-03-01,88735.43,0.0756,1.0228,0.0314,0
347,2025-03-01,92549.54,0.0766,1.0281,0.0526,0
348,2024-03-01,136544.24,0.0985,1.0476,0.021,0
348,2025-03-01,136544.24,0.0985,1.0476,0.0,0
349,2023-03-01,64783.72,0.0552,0.7,0.0,0
349,2024-03-01,66513.42,0.0552,0.7,0.0267,0
349,2025-03-01,67458.35,0.0552,0.7,0.0142,0
350,2025-03-01,100314.9,0.0657,0.8166,0.0299,0
351,2023-03-01,153839.55,0.0915,1.158,0.033,0
351,2024-03-01,159493.41,0.0915,1.158,0.0368,0
351,2025-03-01,161616.57,0.0915,1.158,0.0133,0
352,2025-03-01,117302.04,0.0775,1.0123,0.0257,0
354,2025-03-01,79604.78,0.0547,0.9581,0.0269,0
355,2022-03-01,70478.07,0.0402,1.0319,0.0,0
355,2023-03-01,70478.07,0.0402,1.0319,0.0,0
355,2024-03-01,70478.07,0.0402,1.0319,0.0,0
355,2025-03-01,74522.7,0.0402,1.0319,0.0574,0
356,2025-03-01,131675.65,0.0813,0.9891,0.0417,0
357,2024-03-01,100714.34,0.0444,0.9108,0.0189,0
357,2025-03-01,100714.34,0.0444,0.9108,0.0,0
358,2025-03-01,83302.92,0.0668,0.8452,0.0055,0
359,2024-03-01,56930.9,0.0274,0.7435,0.0253,0
359,2025-03-01,56930.9,0.0274,0.7435,0.0,0
360,2025-03-01,60965.32,0.0519,0.9105,0.0,0
361,2024-03-01,69441.83,0.0701,0.8496,0.0,0
361,2025-03-01,74979.39,0.0701,0.8496,0.0797,0
362,2024-03-01,107618.86,0.0758,1.2257,0.0,0
362,2025-03-01,114190.15,0.0758,1.2257,0.0611,0
363,2023-03-01,85840.22,0.0734,1.0011,0.0,0
363,2024-03-01,85840.22,0.0734,1.0011,0.0,0
363,2025-03-01,90182.64,0.0734,1.0011,0.0506,0
364,2025-03-01,128703.75,0.0864,1.3151,0.0411,0
365,2024-03-01,89403.21,0.0376,0.8315,0.0378,0
365,2025-03-01,92935.57,0.0376,0.8315,0.0395,0
366,2024-03-01,75750.99,0.0796,0.7,0.0735,0
366,2025-03-01,75750.99,0.0796,0.7,0.0,0
367,2025-03-01,88949.89,0.0381,1.0292,0.0432,0
368,2024-03-01,88573.88,0.0819,0.9336,0.0341,0
368,2025-03-01,88573.88,0.0819,0.9043,0.0,0
369,2023-03-01,111791.66,0.0726,0.9853,0.0521,0
369,2024-03-01,120399.43,0.0726,0.9853,0.077,0
369,2025-03-01,120399.43,0.0726,0.9853,0.0,0
370,2024-03-01,111755.8,0.0872,1.0115,0.0459,0
370,2025-03-01,117891.64,0.0872,1.0115,0.0549,0
371,2023-03-01,119671.4,0.0805,0.9343,0.0,0
371,2024-03-01,119671.4,0.0805,0.9343,0.0,0
371,2025-03-01,119671.4,0.0805,0.9343,0.0,0
372,2024-03-01,105654.14,0.0636,1.1237,0.0,0
373,2022-03-01,68914.91,0.0341,1.0013,0.0,0
373,2023-03-01,71680.79,0.0341,1.0013,0.0401,0
373,2024-03-01,75064.66,0.0341,1.0013,0.0472,0
373,2025-03-01,79731.24,0.0341,1.0013,0.0622,0
374,2023-03-01,55935.74,0.0364,0.7276,0.0487,0
374,2024-03-01,55935.74,0.0364,0.7276,0.0,0
374,2025-03-01,59600.68,0.0364,0.7276,0.0655,0
375,2023-03-01,87790.89,0.0273,0.9576,0.0238,0
375,2024-03-01,88402.91,0.0273,0.9576,0.007,0
375,2025-03-01,91375.12,0.0273,0.9576,0.0336,0
376,2025-03-01,71750.71,0.0788,0.8202,0.0384,0
377,2022-03-01,93755.49,0.0813,0.8459,0.0483,0
377,2023-03-01,97928.55,0.0813,0.8459,0.0445,0
377,2024-03-01,100263.66,0.0813,0.8459,0.0238,0
377,2025-03-01,103217.95,0.0813,0.8459,0.0295,0
378,2023-03-01,71440.32,0.0711,0.7316,0.0129,0
378,2024-03-01,71440.32,0.0711,0.7316,0.0,0
378,2025-03-01,71440.32,0.0711,0.7316,0.0,0
380,2023-03-01,83731.4,0.1012,0.8766,0.0574,0
380,2024-03-01,87365.9,0.1012,0.8766,0.0434,0
380,2025-03-01,91119.39,0.1012,0.8766,0.043,0
381,2024-03-01,97412.42,0.058,0.9268,0.0432,0
381,2025-03-01,99689.8,0.058,0.9268,0.0234,0
382,2025-03-01,156838.75,0.0844,0.9995,0.0416,0
384,2025-03-01,64806.11,0.0532,0.7717,0.0175,0
385,2025-03-01,88149.03,0.0726,0.8859,0.0,0
386,2025-03-01,109604.55,0.0673,1.0235,0.0,0
387,2024-03-01,60308.42,0.046,0.9771,0.0498,0
387,2025-03-01,63252.48,0.046,0.9771,0.0488,0
388,2025-03-01,87546.57,0.0736,0.8404,0.0,0
389,2022-03-01,61504.07,0.05,1.026,0.0,0
389,2023-03-01,61504.07,0.05,1.026,0.0,0
389,2024-03-01,62932.28,0.05,1.026,0.0232,0
389,2025-03-01,64687.36,0.05,1.026,0.0279,0
391,2024-03-01,76997.76,0.0532,1.121,0.0,0
391,2025-03-01,76997.76,0.0532,1.121,0.0,0
392,2024-03-01,97111.63,0.0598,1.0798,0.0,0
392,2025-03-01,100653.75,0.0598,1.0798,0.0365,0
393,2023-03-01,112934.64,0.0665,1.0514,0.0,0
393,2024-03-01,112934.64,0.0665,1.0514,0.0,0
393,2025-03-01,113764.53,0.0665,1.0514,0.0073,0
394,2025-03-01,62711.9,0.0472,0.7564,0.0386,0
395,2022-03-01,114070.77,0.0636,1.0339,0.0393,0
395,2023-03-01,114070.77,0.0636,1.0339,0.0,0
395,2024-03-01,115209.35,0.0636,1.0339,0.01,0
395,2025-03-01,115209.35,0.0636,1.0339,0.0,0
396,2025-03-01,67535.9,0.0769,1.0017,0.0,0
397,2025-03-01,121829.17,0.0834,1.0648,0.0,0
398,2023-03-01,113935.23,0.0784,1.0793,0.0467,0
398,2024-03-01,123050.05,0.0784,1.0793,0.08,0
398,2025-03-01,128914.54,0.0784,1.0793,0.0477,0
399,2025-03-01,134850.67,0.1005,1.1068,0.0,0
400,2025-03-01,63020.86,0.0508,0.8755,0.0353,0
401,2024-03-01,73055.0,0.0776,0.8794,0.0516,0
401,2025-03-01,74575.08,0.0776,0.8794,0.0208,0
402,2023-03-01,82651.61,0.0597,0.9747,0.0373,0
402,2024-03-01,82651.61,0.0597,0.9747,0.0,0
402,2025-03-01,82651.61,0.0597,0.9747,0.0,0
403,2023-03-01,79372.01,0.0568,0.8301,0.0378,0
403,2024-03-01,83355.01,0.0568,0.8301,0.0502,0
403,2025-03-01,88155.26,0.0568,0.8301,0.0576,0
404,2023-03-01,79577.02,0.085,0.822,0.065,0
404,2024-03-01,79577.02,0.085,0.822,0.0,0
404,2025-03-01,83070.97,0.085,0.822,0.0439,0
405,2023-03-01,88683.37,0.0711,0.9541,0.0581,0
405,2024-03-01,92715.16,0.0711,0.9541,0.0455,0
405,2025-03-01,95793.05,0.0711,0.9541,0.0332,0
407,2022-03-01,85913.81,0.0698,0.8691,0.0351,0
407,2023-03-01,85913.81,0.0698,0.8691,0.0,0
407,2024-03-01,85913.81,0.0698,0.8691,0.0,0
407,2025-03-01,90686.54,0.0698,0.8691,0.0556,0
408,2025-03-01,111757.68,0.0547,1.134,0.0,0
409,2023-03-01,84121.81,0.0649,0.8349,0.0,0
409,2024-03-01,84121.81,0.0649,0.8349,0.0,0
409,2025-03-01,84121.81,0.0649,0.8349,0.0,0
410,2024-03-01,57618.18,0.03,0.7253,0.0345,0
410,2025-03-01,58813.55,0.03,0.7253,0.0207,0
411,2025-03-01,72012.12,0.0403,0.9526,0.0,0
413,2023-03-01,106032.43,0.0266,1.1887,0.005,0
413,2024-03-01,106032.43,0.0266,1.1887,0.0,0
413,2025-03-01,106032.43,0.0266,1.1887,0.0,0
414,2024-03-01,79532.57,0.0961,0.7,0.0,0
414,2025-03-01,82368.45,0.0961,0.7,0.0357,0
415,2024-03-01,106635.95,0.0767,0.913,0.005,0
415,2025-03-01,110958.41,0.0767,0.913,0.0405,0
416,2022-03-01,116663.18,0.0432,1.1048,0.0329,0
416,2023-03-01,116663.18,0.0432,1.1048,0.0,0
416,2024-03-01,116663.18,0.0432,1.1048,0.0,0
416,2025-03-01,116663.18,0.0432,1.1048,0.0,0
417,2023-03-01,158704.18,0.128,0.8718,0.0654,0
417,2024-03-01,168845.52,0.128,0.8718,0.0639,0
417,2025-03-01,176695.28,0.128,0.8718,0.0465,0
418,2024-03-01,129061.52,0.1135,0.9553,0.0412,0
418,2025-03-01,135669.18,0.1135,0.9553,0.0512,0
419,2024-03-01,121519.1,0.0764,1.2336,0.0176,0
419,2025-03-01,121519.1,0.0764,1.2336,0.0,0
420,2025-03-01,133216.34,0.0615,0.9747,0.0,0
421,2023-03-01,111863.91,0.0937,0.9586,0.0467,0
421,2024-03-01,117253.73,0.0937,0.9586,0.0482,0
421,2025-03-01,126634.03,0.0937,0.9586,0.08,0
422,2024-03-01,94042.86,0.0531,1.2043,0.0667,0
422,2025-03-01,94042.86,0.0531,1.2043,0.0,0
423,2024-03-01,98675.44,0.0632,0.8726,0.0,0
423,2025-03-01,98675.44,0.0632,0.8726,0.0,0
424,2025-03-01,90080.29,0.0843,1.0743,0.0485,0
425,2025-03-01,94049.88,0.0569,0.9665,0.0,0
426,2024-03-01,79432.78,0.0552,0.9313,0.0,0
426,2025-03-01,79432.78,0.0552,0.9313,0.0,0
427,2025-03-01,56977.83,0.0346,0.9817,0.0,0
428,2023-03-01,61080.38,0.0474,0.8005,0.0,0
428,2024-03-01,61080.38,0.0474,0.8005,0.0,0
428,2025-03-01,61080.38,0.0474,0.8005,0.0,0
429,2024-03-01,65307.49,0.0548,0.9144,0.0,0
429,2025-03-01,65307.49,0.0548,0.9144,0.0,0
430,2023-03-01,69338.85,0.0352,1.0177,0.0,0
430,2024-03-01,69338.85,0.0352,1.0177,0.0,0
430,2025-03-01,71132.94,0.0352,1.0177,0.0259,0
431,2024-03-01,61853.32,0.037,0.7836,0.0512,0
431,2025-03-01,63805.54,0.037,0.7836,0.0316,0
432,2025-03-01,102058.7,0.0607,0.9086,0.0324,0
434,2023-03-01,107661.91,0.0624,1.0544,0.0,0
434,2024-03-01,107661.91,0.0624,1.0544,0.0,0
434,2025-03-01,107661.91,0.0624,1.0544,0.0,0
435,2024-03-01,77702.72,0.0989,0.7309,0.0,0
436,2024-03-01,66221.36,0.0531,0.7846,0.0591,0
436,2025-03-01,69962.3,0.0531,0.7846,0.0565,0
437,2023-03-01,88966.32,0.0506,0.7,0.0,0
437,2024-03-01,92552.93,0.0506,0.7,0.0403,0
437,2025-03-01,96980.06,0.0506,0.7,0.0478,0
438,2023-03-01,96088.76,0.053,0.9599,0.0,0
438,2024-03-01,96088.76,0.053,0.9599,0.0,0
438,2025-03-01,97618.44,0.053,0.9599,0.0159,0
439,2023-03-01,64023.04,0.0533,0.9412,0.0,0
439,2024-03-01,66255.45,0.0533,0.9412,0.0349,0
439,2025-03-01,67786.55,0.0533,0.9412,0.0231,0
440,2023-03-01,128663.32,0.0915,0.864,0.0526,0
440,2024-03-01,135013.96,0.0915,0.864,0.0494,0
440,2025-03-01,143222.55,0.0915,0.864,0.0608,0
441,2023-03-01,129447.17,0.0901,1.02,0.0452,0
441,2024-03-01,134117.08,0.0901,1.02,0.0361,0
441,2025-03-01,134117.08,0.0901,1.02,0.0,0
442,2023-03-01,80038.4,0.0522,1.1896,0.0,0
442,2024-03-01,80038.4,0.0522,1.1896,0.0,0
442,2025-03-01,80038.4,0.0522,1.1896,0.0,0
443,2023-03-01,84734.54,0.0557,0.9175,0.0,0
443,2024-03-01,84734.54,0.0557,0.9175,0.0,0
443,2025-03-01,84734.54,0.0557,0.9175,0.0,0
444,2025-03-01,158521.16,0.1063,1.3372,0.0,0
445,2024-03-01,89057.44,0.0298,0.8786,0.0304,0
445,2025-03-01,89057.44,0.0298,0.8786,0.0,0
447,2024-03-01,124069.74,0.0827,0.9268,0.0376,0
447,2025-03-01,125306.63,0.0827,0.9268,0.01,0
448,2025-03-01,78083.41,0.0445,0.9643,0.0427,0
449,2025-03-01,76618.87,0.0577,1.004,0.0,0
450,2025-03-01,75157.55,0.0418,0.9868,0.0384,0
452,2025-03-01,82702.49,0.0332,1.033,0.0136,0
453,2023-03-01,116710.82,0.0812,1.0341,0.0438,0
453,2024-03-01,121695.67,0.0812,1.0341,0.0427,0
453,2025-03-01,129243.72,0.0812,1.0341,0.062,0
454,2023-03-01,81476.3,0.0585,0.9935,0.0289,0
454,2024-03-01,81476.3,0.0585,0.9935,0.0,0
454,2025-03-01,83321.84,0.0585,0.9935,0.0227,0
455,2024-03-01,60500.9,0.051,0.8374,0.0,0
455,2025-03-01,62421.89,0.051,0.8374,0.0318,0
456,2024-03-01,77151.61,0.0399,1.0228,0.0279,0
456,2025-03-01,77151.61,0.0399,1.0228,0.0,0
457,2022-03-01,106042.82,0.0806,1.1722,0.0263,0
457,2023-03-01,110603.79,0.0806,1.1722,0.043,0
457,2024-03-01,115536.49,0.0806,1.1722,0.0446,0
457,2025-03-01,118487.07,0.0806,1.1722,0.0255,0
459,2025-03-01,58672.3,0.0367,0.8547,0.0241,0
460,2024-03-01,127136.1,0.101,0.9627,0.0465,0
460,2025-03-01,127136.1,0.101,0.9627,0.0,0
462,2024-03-01,140514.14,0.0781,1.1978,0.0,0
464,2024-03-01,110114.97,0.0632,1.016,0.0604,0
464,2025-03-01,110114.97,0.0632,1.016,0.0,0
465,2023-03-01,75218.66,0.0946,1.046,0.0,0
465,2024-03-01,80317.76,0.0946,1.046,0.0678,0
465,2025-03-01,80317.76,0.0946,1.046,0.0,0
466,2025-03-01,111337.02,0.0633,0.756,0.0,0
467,2025-03-01,87775.43,0.0558,0.8652,0.0237,0
468,2025-03-01,70493.17,0.0573,0.8149,0.0659,0
470,2025-03-01,78236.46,0.0858,0.8985,0.0492,0
471,2024-03-01,66341.9,0.0615,0.901,0.0457,0
471,2025-03-01,70057.11,0.0615,0.901,0.056,0
472,2025-03-01,152773.21,0.0772,1.3239,0.0665,0
473,2025-03-01,66434.67,0.0303,0.9001,0.0153,0
474,2023-03-01,101170.52,0.0622,1.0783,0.0,0
474,2024-03-01,105822.88,0.0622,1.0783,0.046,0
474,2025-03-01,105822.88,0.0622,1.0783,0.0,0
476,2023-03-01,106991.05,0.0724,0.8736,0.046,0
476,2024-03-01,111674.01,0.0724,0.8736,0.0438,0
476,2025-03-01,116631.32,0.0724,0.8736,0.0444,0
477,2025-03-01,63370.53,0.0518,1.033,0.0,0
479,2025-03-01,83146.39,0.0308,1.0774,0.027,0
480,2025-03-01,124537.61,0.0438,1.0009,0.0397,0
481,2025-03-01,98600.52,0.0972,0.9763,0.0428,0
482,2024-03-01,81708.14,0.0626,1.1163,0.0,0
482,2025-03-01,84938.31,0.0626,1.1163,0.0395,0
483,2025-03-01,83927.82,0.0681,0.8894,0.0,0
484,2023-03-01,130536.78,0.0618,0.9767,0.0,0
484,2024-03-01,130536.78,0.0618,0.9767,0.0,0
484,2025-03-01,130536.78,0.0618,0.9767,0.0,0
485,2023-03-01,92907.83,0.0775,0.9403,0.0198,0
486,2023-03-01,87628.17,0.0739,0.8056,0.0562,0
486,2024-03-01,90846.83,0.0739,0.8056,0.0367,0
486,2025-03-01,90846.83,0.0739,0.8056,0.0,0
487,2024-03-01,111770.06,0.064,0.8781,0.0,0
487,2025-03-01,115284.77,0.064,0.8781,0.0314,0
488,2024-03-01,58203.48,0.0388,0.7751,0.0,0
488,2025-03-01,58203.48,0.0388,0.7751,0.0,0
489,2025-03-01,62925.85,0.0453,0.7998,0.0366,0
490,2023-03-01,98141.5,0.0594,0.8815,0.0,0
490,2024-03-01,98141.5,0.0594,0.8815,0.0,0
490,2025-03-01,101495.03,0.0594,0.8815,0.0342,0
491,2024-03-01,124548.99,0.0833,1.2519,0.0487,0
491,2025-03-01,125171.74,0.0833,1.2519,0.005,0
492,2022-03-01,68341.49,0.0608,1.0427,0.0593,0
492,2023-03-01,70971.28,0.0608,1.0134,0.0385,0
493,2024-03-01,92559.99,0.086,0.9882,0.0,0
493,2025-03-01,92559.99,0.086,0.9882,0.0,0
494,2024-03-01,73360.15,0.0457,0.9624,0.0,0
495,2022-03-01,72006.95,0.0383,0.9043,0.0453,0
495,2023-03-01,72006.95,0.0383,0.9043,0.0,0
495,2024-03-01,72006.95,0.0383,0.9043,0.0,0
495,2025-03-01,72006.95,0.0383,0.9043,0.0,0
496,2023-03-01,107220.25,0.06,0.8924,0.0401,0
496,2024-03-01,107220.25,0.06,0.8924,0.0,0
496,2025-03-01,107220.25,0.06,0.8924,0.0,0
497,2023-03-01,70963.84,0.0261,1.097,0.0,0
497,2024-03-01,70963.84,0.0261,1.097,0.0,0
497,2025-03-01,70963.84,0.0261,1.097,0.0,0
498,2022-03-01,84558.15,0.0739,0.8734,0.0,0
499,2024-03-01,87061.31,0.062,0.8689,0.0378,0
499,2025-03-01,87061.31,0.062,0.8689,0.0,0
500,2023-03-01,100502.11,0.0532,1.1218,0.048,0
500,2024-03-01,102731.4,0.0532,1.1218,0.0222,0
500,2025-03-01,105888.69,0.0532,1.1218,0.0307,0
501,2025-03-01,83553.79,0.0521,0.9119,0.0536,0
502,2025-03-01,133575.1,0.0982,1.2067,0.0401,0
503,2024-03-01,71801.08,0.0776,0.8082,0.0,0
503,2025-03-01,71801.08,0.0776,0.8082,0.0,0
505,2024-03-01,139314.53,0.0918,1.207,0.044,0
505,2025-03-01,139314.53,0.0918,1.207,0.0,0
506,2024-03-01,91161.29,0.0773,1.0663,0.0488,0
506,2025-03-01,94524.87,0.0773,1.0663,0.0369,0
508,2023-03-01,77448.15,0.0559,0.9108,0.0,0
508,2024-03-01,77448.15,0.0559,0.9108,0.0,0
508,2025-03-01,77448.15,0.0559,0.9108,0.0,0
510,2022-03-01,72496.77,0.0392,0.8928,0.0091,0
510,2023-03-01,72496.77,0.0392,0.8928,0.0,0
510,2024-03-01,73105.13,0.0392,0.8928,0.0084,0
510,2025-03-01,76720.91,0.0392,0.8928,0.0495,0
511,2024-03-01,62915.16,0.0614,0.9327,0.0,0
511,2025-03-01,64475.17,0.0614,0.9327,0.0248,0
512,2022-03-01,79526.83,0.0553,1.1729,0.0,0
512,2023-03-01,79526.83,0.0553,1.1729,0.0,0
512,2024-03-01,79526.83,0.0553,1.1729,0.0,0
512,2025-03-01,79526.83,0.0553,1.1729,0.0,0
513,2025-03-01,111985.64,0.0722,0.8404,0.0,0
514,2024-03-01,65372.84,0.0255,0.8891,0.0078,0
514,2025-03-01,65372.84,0.0255,0.8891,0.0,0
515,2025-03-01,108244.93,0.0594,1.0802,0.0349,0
516,2023-03-01,76893.98,0.0503,0.7214,0.0465,0
516,2024-03-01,79682.11,0.0503,0.7214,0.0363,0
516,2025-03-01,79682.11,0.0503,0.7214,0.0,0
517,2023-03-01,128041.1,0.0979,1.0209,0.0,0
517,2024-03-01,132275.04,0.0979,1.0209,0.0331,0
517,2025-03-01,136780.46,0.0979,1.0209,0.0341,0
518,2022-03-01,103281.52,0.0657,0.8834,0.0261,0
518,2023-03-01,103281.52,0.0657,0.8834,0.0,0
518,2024-03-01,108803.22,0.0657,0.8834,0.0535,0
518,2025-03-01,113687.93,0.0657,0.8834,0.0449,0
519,2023-03-01,76246.32,0.0788,0.9375,0.0558,0
519,2024-03-01,76246.32,0.0788,0.9375,0.0,0
519,2025-03-01,78625.11,0.0788,0.9375,0.0312,0
521,2023-03-01,68180.91,0.0666,1.0427,0.0,0
521,2024-03-01,68180.91,0.0666,1.0427,0.0,0
521,2025-03-01,69574.19,0.0666,1.0427,0.0204,0
522,2025-03-01,82990.48,0.0628,0.9962,0.0412,0
523,2025-03-01,132415.56,0.0605,1.0046,0.0,0
524,2023-03-01,83908.62,0.0997,0.9547,0.0514,0
524,2024-03-01,88783.2,0.0997,0.9547,0.0581,0
524,2025-03-01,93277.36,0.0997,0.9547,0.0506,0
525,2024-03-01,69266.46,0.0316,0.9859,0.0,0
525,2025-03-01,71243.58,0.0316,0.9859,0.0285,0
526,2023-03-01,95857.39,0.0624,0.9557,0.0,0
527,2023-03-01,137966.68,0.0967,0.9865,0.0435,0
527,2024-03-01,142327.14,0.0967,0.9865,0.0316,0
527,2025-03-01,142327.14,0.0967,0.9865,0.0,0
528,2022-03-01,109626.07,0.0769,1.0464,0.0262,0
529,2024-03-01,71160.71,0.0369,0.9336,0.0,0
529,2025-03-01,71160.71,0.0369,0.9336,0.0,0
530,2024-03-01,98104.56,0.0516,0.9173,0.0,0
530,2025-03-01,103188.9,0.0516,0.9173,0.0518,0
531,2024-03-01,75947.94,0.044,0.732,0.0241,0
532,2024-03-01,80739.28,0.0204,0.8979,0.0128,0
532,2025-03-01,83807.42,0.0204,0.8979,0.038,0
533,2023-03-01,148119.63,0.0826,1.0805,0.015,0
533,2024-03-01,148119.63,0.0826,1.0805,0.0,0
533,2025-03-01,148119.63,0.0826,1.0805,0.0,0
534,2025-03-01,91239.36,0.0456,1.1395,0.0316,0
535,2025-03-01,148825.61,0.1101,1.1916,0.0744,0
536,2022-03-01,68578.47,0.0723,0.8041,0.009,0
536,2023-03-01,70548.43,0.0723,0.8041,0.0287,0
536,2024-03-01,70548.43,0.0723,0.8041,0.0,0
536,2025-03-01,70548.43,0.0723,0.8041,0.0,0
537,2023-03-01,99026.89,0.0608,0.901,0.005,0
538,2025-03-01,113103.02,0.0705,1.2085,0.0,0
539,2023-03-01,69884.29,0.0623,0.8773,0.0415,0
539,2024-03-01,73662.66,0.0623,0.8773,0.0541,0
539,2025-03-01,75143.68,0.0623,0.8773,0.0201,0
540,2024-03-01,112115.14,0.0749,1.0732,0.0,0
541,2023-03-01,84670.97,0.0614,0.8423,0.0439,0
541,2024-03-01,88395.68,0.0614,0.8423,0.044,0
541,2025-03-01,90491.63,0.0614,0.8423,0.0237,0
542,2023-03-01,125208.38,0.098,0.9852,0.044,0
542,2024-03-01,131112.16,0.098,0.9852,0.0472,0
542,2025-03-01,135476.73,0.098,0.9852,0.0333,0
543,2023-03-01,106749.25,0.0587,1.0806,0.03,0
543,2024-03-01,106749.25,0.0587,1.0806,0.0,0
544,2023-03-01,99740.78,0.0566,0.9891,0.0462,0
544,2024-03-01,103168.92,0.0566,0.9891,0.0344,0
544,2025-03-01,105771.6,0.0566,0.9891,0.0252,0
545,2024-03-01,70338.19,0.0741,0.9249,0.0426,0
545,2025-03-01,71525.82,0.0741,0.9249,0.0169,0
546,2024-03-01,99218.86,0.052,1.0918,0.0606,0
546,2025-03-01,103080.95,0.052,1.0918,0.0389,0
547,2025-03-01,92095.97,0.0916,0.8185,0.024,0
548,2025-03-01,130117.79,0.0936,1.0152,0.0389,0
549,2024-03-01,77116.78,0.0456,0.8441,0.0403,0
549,2025-03-01,77116.78,0.0456,0.8441,0.0,0
550,2025-03-01,87360.55,0.0641,1.0733,0.0271,0
551,2023-03-01,93649.42,0.0459,1.2704,0.0253,0
551,2024-03-01,93649.42,0.0459,1.2704,0.0,0
551,2025-03-01,93649.42,0.0459,1.2704,0.0,0
552,2024-03-01,75206.7,0.0441,0.8688,0.0385,0
552,2025-03-01,78141.07,0.0441,0.8688,0.039,0
553,2025-03-01,98549.71,0.0572,0.9799,0.0294,0
554,2023-03-01,112304.52,0.0853,1.1011,0.0376,0
554,2024-03-01,116905.33,0.0853,1.1011,0.041,0
554,2025-03-01,125311.16,0.0853,1.1011,0.0719,0
555,2024-03-01,134646.62,0.0949,0.9883,0.0195,0
555,2025-03-01,138647.27,0.0949,0.9883,0.0297,0
556,2023-03-01,99481.41,0.0595,1.1038,0.0,0
556,2024-03-01,99481.41,0.0595,1.1038,0.0,0
556,2025-03-01,103093.15,0.0595,1.1038,0.0363,0
557,2024-03-01,91545.8,0.0756,0.9177,0.0448,0
557,2025-03-01,94630.09,0.0756,0.9177,0.0337,0
559,2025-03-01,56786.82,0.0366,0.7174,0.0,0
560,2025-03-01,66747.17,0.0571,0.8155,0.0,0
561,2025-03-01,72581.39,0.0585,0.9747,0.0496,0
562,2024-03-01,108780.27,0.0752,0.8929,0.042,0
562,2025-03-01,113201.91,0.0752,0.8929,0.0406,0
563,2024-03-01,99598.0,0.0487,0.9359,0.0,0
563,2025-03-01,99598.0,0.0487,0.9359,0.0,0
564,2023-03-01,71479.03,0.0417,0.9433,0.0,0
564,2024-03-01,72776.99,0.0417,0.9433,0.0182,0
564,2025-03-01,74393.37,0.0417,0.9433,0.0222,0
565,2024-03-01,116287.2,0.0791,0.8637,0.0207,0
565,2025-03-01,119203.79,0.0791,0.8637,0.0251,0
566,2024-03-01,140545.77,0.0671,1.1912,0.0391,0
566,2025-03-01,144762.97,0.0671,1.1912,0.03,0
568,2024-03-01,96015.64,0.0584,1.0681,0.0,0
568,2025-03-01,96015.64,0.0584,1.0681,0.0,0
569,2024-03-01,76747.92,0.0523,0.791,0.0,0
570,2024-03-01,92358.39,0.0793,0.816,0.0347,0
570,2025-03-01,94485.34,0.0793,0.816,0.023,0
571,2024-03-01,77491.6,0.0883,0.8778,0.0543,0
571,2025-03-01,79533.52,0.0883,0.8778,0.0264,0
572,2025-03-01,85142.33,0.0773,1.0077,0.0,0
573,2023-03-01,102511.1,0.0446,1.1288,0.0194,0
573,2024-03-01,105111.51,0.0446,1.1288,0.0254,0
574,2024-03-01,113886.22,0.0672,1.1069,0.0344,0
574,2025-03-01,117406.85,0.0672,1.1069,0.0309,0
575,2025-03-01,68494.45,0.0564,0.8726,0.0375,0
576,2024-03-01,62464.52,0.0231,0.9622,0.0151,0
576,2025-03-01,62776.84,0.0231,0.9622,0.005,0
577,2023-03-01,113363.69,0.0625,1.1291,0.0363,0
578,2024-03-01,66373.62,0.0562,0.8098,0.0307,0
578,2025-03-01,67824.48,0.0562,0.8098,0.0219,0
579,2025-03-01,76301.64,0.051,0.9923,0.0,0
580,2022-03-01,117720.03,0.0802,0.9766,0.0,0
580,2023-03-01,117720.03,0.0802,0.9766,0.0,0
580,2024-03-01,117720.03,0.0802,0.9766,0.0,0
580,2025-03-01,117720.03,0.0802,0.9766,0.0,0
581,2025-03-01,68974.72,0.0324,1.0405,0.0344,0
582,2025-03-01,63694.69,0.0508,0.9298,0.0,0
583,2024-03-01,82889.58,0.063,1.1608,0.012,0
583,2025-03-01,86156.09,0.063,1.1608,0.0394,0
585,2025-03-01,105938.94,0.0689,1.1091,0.0,0
586,2025-03-01,75306.68,0.0678,0.7,0.0675,0
587,2025-03-01,75797.88,0.0519,1.024,0.0154,0
588,2023-03-01,84114.06,0.0624,1.0499,0.0299,0
588,2024-03-01,84114.06,0.0624,1.0499,0.0,0
588,2025-03-01,86083.53,0.0624,1.0499,0.0234,0
589,2023-03-01,90910.2,0.044,1.1806,0.0199,0
589,2024-03-01,94019.62,0.044,1.1806,0.0342,0
589,2025-03-01,97504.0,0.044,1.1806,0.0371,0
591,2023-03-01,56481.49,0.0389,0.8151,0.0054,0
591,2024-03-01,56481.49,0.0389,0.8151,0.0,0
591,2025-03-01,58458.16,0.0389,0.8151,0.035,0
592,2024-03-01,130023.71,0.1013,0.9388,0.0,0
592,2025-03-01,130023.71,0.1013,0.9388,0.0,0
594,2025-03-01,94745.47,0.0813,0.9172,0.0575,0
595,2024-03-01,69039.78,0.0662,0.7,0.0439,0
595,2025-03-01,69039.78,0.0662,0.7,0.0,0
596,2025-03-01,75794.51,0.0423,0.8352,0.0177,0
597,2025-03-01,84228.74,0.065,0.9299,0.0198,0
598,2024-03-01,93648.89,0.0762,0.9274,0.0294,0
598,2025-03-01,93648.89,0.0762,0.9274,0.0,0
599,2023-03-01,63215.03,0.0584,0.7511,0.0227,0
599,2024-03-01,63215.03,0.0584,0.7511,0.0,0
599,2025-03-01,63215.03,0.0584,0.7511,0.0,0
600,2024-03-01,100372.72,0.0615,0.8519,0.0,0
600,2025-03-01,100372.72,0.0615,0.8519,0.0,0
601,2025-03-01,64400.2,0.049,0.7394,0.0393,0
602,2024-03-01,96637.65,0.0605,0.9735,0.0371,0
602,2025-03-01,98375.63,0.0605,0.9735,0.018,0
603,2024-03-01,151363.97,0.0848,1.35,0.0219,0
603,2025-03-01,152938.47,0.0848,1.35,0.0104,0
604,2023-03-01,73407.35,0.0484,1.0371,0.0,0
604,2024-03-01,74459.77,0.0484,1.0371,0.0143,0
604,2025-03-01,76744.76,0.0484,1.0371,0.0307,0
605,2025-03-01,73402.03,0.0384,0.9436,0.0184,0
606,2025-03-01,89601.81,0.0858,0.9811,0.0,0
607,2025-03-01,71633.09,0.0721,0.9536,0.0246,0
609,2025-03-01,102902.26,0.0644,0.963,0.0242,0
612,2025-03-01,137176.53,0.1017,1.2101,0.0,0
613,2025-03-01,79843.54,0.0646,0.8901,0.0,0
614,2022-03-01,116088.53,0.079,0.9368,0.0126,0
614,2023-03-01,116088.53,0.079,0.9368,0.0,0
614,2024-03-01,118264.1,0.079,0.9368,0.0187,0
614,2025-03-01,118264.1,0.079,0.9368,0.0,0
615,2024-03-01,100887.58,0.0647,0.7932,0.0448,0
615,2025-03-01,106945.84,0.0647,0.7932,0.06,0
616,2024-03-01,141013.94,0.1245,0.9855,0.0301,0
616,2025-03-01,147125.98,0.1245,0.9855,0.0433,0
617,2023-03-01,72354.97,0.0774,0.7454,0.0445,0
617,2024-03-01,76001.16,0.0774,0.7454,0.0504,0
617,2025-03-01,76001.16,0.0774,0.7454,0.0,0
618,2023-03-01,58140.39,0.0391,0.8055,0.0,0
618,2024-03-01,58140.39,0.0391,0.8055,0.0,0
618,2025-03-01,58140.39,0.0391,0.8055,0.0,0
621,2025-03-01,152779.43,0.0971,0.9864,0.0,0
622,2023-03-01,84169.91,0.0715,0.9541,0.0,0
622,2024-03-01,84169.91,0.0715,0.9541,0.0,0
622,2025-03-01,84169.91,0.0715,0.9541,0.0,0
623,2022-03-01,60219.5,0.0437,1.0063,0.0,0
624,2022-03-01,74804.58,0.0673,0.8377,0.0565,0
624,2023-03-01,75416.99,0.0673,0.8377,0.0082,0
624,2024-03-01,79617.8,0.0673,0.8377,0.0557,0
624,2025-03-01,83342.87,0.0673,0.8377,0.0468,0
625,2023-03-01,64516.57,0.0455,0.7,0.0422,0
625,2024-03-01,64516.57,0.0455,0.7,0.0,0
625,2025-03-01,64516.57,0.0455,0.7,0.0,0
626,2022-03-01,158697.83,0.0933,1.2397,0.0455,0
626,2023-03-01,167605.26,0.0933,1.2397,0.0561,0
626,2024-03-01,174037.05,0.0933,1.2397,0.0384,0
626,2025-03-01,181861.74,0.0933,1.2397,0.045,0
627,2022-03-01,92038.6,0.0797,0.9582,0.0465,0
627,2023-03-01,96977.81,0.0797,0.9582,0.0537,0
627,2024-03-01,96977.81,0.0797,0.9582,0.0,0
627,2025-03-01,100916.8,0.0797,0.9582,0.0406,0
629,2025-03-01,91575.4,0.0826,0.8958,0.0273,0
630,2023-03-01,71091.79,0.0623,0.7677,0.0256,0
630,2024-03-01,71091.79,0.0623,0.7677,0.0,0
630,2025-03-01,71091.79,0.0623,0.7677,0.0,0
631,2023-03-01,87701.82,0.0698,1.0873,0.0596,0
631,2024-03-01,87701.82,0.0698,1.0873,0.0,0
631,2025-03-01,91674.53,0.0698,1.0873,0.0453,0
632,2024-03-01,56546.24,0.0338,0.7,0.0231,0
633,2022-03-01,130628.82,0.0846,1.04,0.0135,0
633,2023-03-01,131408.26,0.0846,1.04,0.006,0
633,2024-03-01,137953.4,0.0846,1.04,0.0498,0
633,2025-03-01,142475.07,0.0846,1.04,0.0328,0
635,2024-03-01,88917.16,0.0695,1.0142,0.0564,0
635,2025-03-01,92456.97,0.0695,1.0142,0.0398,0
636,2023-03-01,94898.95,0.0893,1.0564,0.0,0
636,2024-03-01,98489.97,0.0893,1.0564,0.0378,0
636,2025-03-01,98489.97,0.0893,1.0564,0.0,0
637,2023-03-01,86752.97,0.0658,0.895,0.0185,0
637,2024-03-01,89592.06,0.0658,0.895,0.0327,0
637,2025-03-01,89592.06,0.0658,0.895,0.0,0
638,2022-03-01,131132.02,0.062,1.1676,0.0428,0
639,2024-03-01,85505.39,0.0725,0.9507,0.0,0
639,2025-03-01,85505.39,0.0725,0.9507,0.0,0
640,2025-03-01,72337.71,0.068,0.9574,0.061,0
641,2025-03-01,126194.34,0.1012,1.1239,0.0616,0
642,2023-03-01,69308.05,0.0651,0.7951,0.0516,0
642,2024-03-01,70760.09,0.0651,0.7951,0.021,0
642,2025-03-01,73465.28,0.0651,0.7951,0.0382,0
643,2024-03-01,63800.18,0.0483,0.8947,0.0,0
643,2025-03-01,66049.14,0.0483,0.8947,0.0353,0
644,2024-03-01,166365.75,0.0954,1.2029,0.0,0
644,2025-03-01,170829.21,0.0954,1.2029,0.0268,0
645,2025-03-01,94861.14,0.0574,0.9861,0.0206,0
646,2023-03-01,144486.84,0.0816,1.2016,0.0252,0
646,2024-03-01,144486.84,0.0816,1.2016,0.0,0
646,2025-03-01,144486.84,0.0816,1.2016,0.0,0
647,2023-03-01,71741.31,0.0414,0.9222,0.0,0
647,2024-03-01,75401.87,0.0414,0.9222,0.051,0
648,2024-03-01,78168.98,0.0576,0.9374,0.0,0
648,2025-03-01,80213.61,0.0576,0.9374,0.0262,0
649,2024-03-01,63224.76,0.0606,0.7117,0.0,0
649,2025-03-01,63224.76,0.0606,0.7117,0.0,0
650,2024-03-01,63162.03,0.0574,0.7564,0.0,0
650,2025-03-01,66171.21,0.0574,0.7564,0.0476,0
651,2024-03-01,112684.32,0.0682,1.186,0.0451,0
651,2025-03-01,117003.18,0.0682,1.186,0.0383,0
652,2024-03-01,78070.98,0.0658,0.7864,0.0,0
652,2025-03-01,80474.26,0.0658,0.7864,0.0308,0
653,2025-03-01,108422.11,0.0615,1.1409,0.0,0
654,2024-03-01,91368.09,0.0368,0.9902,0.0537,0
654,2025-03-01,94961.01,0.0368,0.9902,0.0393,0
656,2024-03-01,79663.79,0.0724,0.9916,0.0,0
656,2025-03-01,83630.11,0.0724,0.9916,0.0498,0
658,2025-03-01,53876.18,0.0234,0.8272,0.016,0
659,2023-03-01,110509.2,0.0598,0.8227,0.0,0
659,2024-03-01,110509.2,0.0598,0.8227,0.0,0
659,2025-03-01,110509.2,0.0598,0.8227,0.0,0
660,2025-03-01,80483.68,0.0574,0.9056,0.0,0
661,2023-03-01,73985.56,0.0831,0.7204,0.0494,0
661,2024-03-01,76344.81,0.0831,0.7204,0.0319,0
661,2025-03-01,76344.81,0.0831,0.7204,0.0,0
663,2024-03-01,133457.38,0.0646,1.0326,0.0,0
664,2022-03-01,64672.89,0.063,0.7606,0.0264,0
664,2023-03-01,68624.43,0.063,0.7606,0.0611,0
664,2024-03-01,68624.43,0.063,0.7606,0.0,0
664,2025-03-01,68624.43,0.063,0.7606,0.0,0
665,2024-03-01,119633.07,0.0777,1.2339,0.0218,0
665,2025-03-01,119633.07,0.0777,1.2339,0.0,0
667,2022-03-01,86221.87,0.0325,0.8844,0.039,0
667,2023-03-01,89369.25,0.0325,0.8844,0.0365,0
667,2024-03-01,89369.25,0.0325,0.8844,0.0,0
667,2025-03-01,91503.7,0.0325,0.8844,0.0239,0
668,2024-03-01,85093.75,0.033,0.9162,0.0,0
668,2025-03-01,85093.75,0.033,0.9162,0.0,0
669,2025-03-01,98991.85,0.1096,0.8669,0.0,0
670,2025-03-01,93238.21,0.0772,0.8232,0.0361,0
671,2024-03-01,91317.65,0.0481,0.9569,0.016,0
671,2025-03-01,94256.47,0.0481,0.9569,0.0322,0
672,2023-03-01,94929.87,0.0822,0.9534,0.0592,0
672,2024-03-01,99211.78,0.0822,0.9534,0.0451,0
672,2025-03-01,102052.85,0.0822,0.9534,0.0286,0
673,2022-03-01,93243.91,0.0486,1.0804,0.0,0
673,2023-03-01,93243.91,0.0486,1.0804,0.0,0
673,2024-03-01,97760.15,0.0486,1.0804,0.0484,0
673,2025-03-01,97760.15,0.0486,1.0804,0.0,0
674,2024-03-01,77168.21,0.0815,0.9134,0.0688,0
674,2025-03-01,77168.21,0.0815,0.9134,0.0,0
675,2024-03-01,125696.84,0.0816,0.8327,0.049,0
675,2025-03-01,131350.49,0.0816,0.8327,0.045,0
677,2022-03-01,132055.24,0.0936,1.1373,0.0346,0
677,2023-03-01,132055.24,0.0936,1.1373,0.0,0
677,2024-03-01,132055.24,0.0936,1.1373,0.0,0
677,2025-03-01,132055.24,0.0936,1.1373,0.0,0
678,2025-03-01,68085.76,0.0628,0.7824,0.0264,0
679,2022-03-01,108085.8,0.068,1.2001,0.0331,0
679,2023-03-01,111100.62,0.068,1.2001,0.0279,0
679,2024-03-01,116290.99,0.068,1.2001,0.0467,0
679,2025-03-01,120522.41,0.068,1.2001,0.0364,0
680,2023-03-01,97953.2,0.0643,1.1305,0.0,0
680,2024-03-01,101689.55,0.0643,1.1305,0.0381,0
680,2025-03-01,101689.55,0.0643,1.1305,0.0,0
681,2024-03-01,84142.9,0.0641,0.8998,0.0277,0
681,2025-03-01,84142.9,0.0641,0.8998,0.0,0
682,2024-03-01,90874.91,0.076,0.8542,0.0326,0
682,2025-03-01,90874.91,0.076,0.8542,0.0,0
683,2025-03-01,86784.68,0.1117,1.0184,0.0601,0
685,2024-03-01,85198.7,0.0644,0.9294,0.0507,0
685,2025-03-01,85198.7,0.0644,0.9294,0.0,0
688,2024-03-01,67442.13,0.0349,0.8961,0.0,0
688,2025-03-01,70308.64,0.0349,0.8961,0.0425,0
689,2025-03-01,69596.1,0.0733,0.8476,0.0,0
690,2024-03-01,128084.82,0.0597,1.0353,0.0,0
690,2025-03-01,128084.82,0.0597,1.0353,0.0,0
691,2022-03-01,137134.85,0.0726,1.0962,0.0346,0
691,2023-03-01,137134.85,0.0726,1.0962,0.0,0
691,2024-03-01,140198.01,0.0726,1.0962,0.0223,0
691,2025-03-01,144690.34,0.0726,1.0962,0.032,0
692,2025-03-01,82582.82,0.0734,0.8061,0.0,0
693,2023-03-01,62541.79,0.0553,0.7673,0.0,0
693,2024-03-01,64763.83,0.0553,0.7673,0.0355,0
693,2025-03-01,67433.08,0.0553,0.7673,0.0412,0
694,2024-03-01,99031.98,0.0502,0.7828,0.0584,0
694,2025-03-01,104594.77,0.0502,0.7828,0.0562,0
695,2025-03-01,71890.09,0.0361,1.0173,0.0,0
696,2022-03-01,95754.07,0.0841,0.9373,0.0578,0
696,2023-03-01,95754.07,0.0841,0.9373,0.0,0
696,2024-03-01,100012.14,0.0841,0.9373,0.0445,0
696,2025-03-01,103015.55,0.0841,0.9373,0.03,0
697,2023-03-01,76000.07,0.0433,0.9464,0.0215,0
697,2024-03-01,79599.58,0.0433,0.9464,0.0474,0
697,2025-03-01,81426.46,0.0433,0.9464,0.023,0
699,2024-03-01,80344.63,0.0242,1.0086,0.0,0
699,2025-03-01,81740.71,0.0242,1.0086,0.0174,0
700,2023-03-01,75822.76,0.0596,1.0988,0.0391,0
700,2024-03-01,79663.16,0.0596,1.0988,0.0506,0
700,2025-03-01,84453.61,0.0596,1.0988,0.0601,0
701,2025-03-01,93498.57,0.0533,0.9077,0.0158,0
702,2024-03-01,128378.26,0.0836,1.1161,0.0279,0
702,2025-03-01,131335.11,0.0836,1.1161,0.023,0
703,2024-03-01,71943.85,0.0365,0.9501,0.0084,0
703,2025-03-01,71943.85,0.0365,0.9501,0.0,0
706,2023-03-01,81333.57,0.0582,0.974,0.0325,0
706,2024-03-01,85078.49,0.0582,0.974,0.046,0
706,2025-03-01,88377.62,0.0582,0.974,0.0388,0
707,2025-03-01,83106.2,0.0623,0.7811,0.0241,0
709,2023-03-01,95923.97,0.0632,0.86,0.0,0
709,2024-03-01,98021.47,0.0632,0.86,0.0219,0
709,2025-03-01,98021.47,0.0632,0.86,0.0,0
710,2023-03-01,122146.57,0.0958,0.7591,0.0,0
710,2024-03-01,126945.63,0.0958,0.7591,0.0393,0
710,2025-03-01,128971.88,0.0958,0.7591,0.016,0
711,2023-03-01,99188.08,0.0865,0.9639,0.0755,0
711,2024-03-01,103822.0,0.0865,0.9639,0.0467,0
711,2025-03-01,103822.0,0.0865,0.9639,0.0,0
712,2025-03-01,144689.6,0.0769,1.1139,0.042,0
713,2024-03-01,56644.04,0.0406,0.8907,0.0,0
713,2025-03-01,56644.04,0.0406,0.8907,0.0,0
714,2024-03-01,70615.5,0.0712,0.8536,0.0,0
714,2025-03-01,70615.5,0.0712,0.8536,0.0,0
716,2025-03-01,91205.43,0.0853,1.0677,0.0,0
717,2023-03-01,62503.93,0.048,0.8507,0.0176,0
717,2024-03-01,65283.49,0.048,0.8507,0.0445,0
717,2025-03-01,67128.55,0.048,0.8507,0.0283,0
718,2023-03-01,73407.17,0.0428,0.9939,0.0,0
718,2024-03-01,73407.17,0.0428,0.9939,0.0,0
718,2025-03-01,73407.17,0.0428,0.9939,0.0,0
719,2024-03-01,76346.68,0.0629,0.8866,0.0,0
719,2025-03-01,79595.52,0.0629,0.8866,0.0426,0
720,2023-03-01,54465.6,0.0252,0.9341,0.0,0
720,2024-03-01,55978.68,0.0252,0.9341,0.0278,0
720,2025-03-01,57544.92,0.0252,0.9341,0.028,0
721,2024-03-01,138962.56,0.0707,0.9789,0.0,0
721,2025-03-01,138962.56,0.0707,0.9789,0.0,0
723,2023-03-01,103943.46,0.0644,1.2528,0.0182,0
723,2024-03-01,103943.46,0.0644,1.2528,0.0,0
723,2025-03-01,108190.58,0.0644,1.2528,0.0409,0
724,2024-03-01,80664.21,0.0401,1.2204,0.0,0
724,2025-03-01,80664.21,0.0401,1.1604,0.0,0
725,2025-03-01,135675.84,0.0624,0.8815,0.0,0
726,2024-03-01,74110.27,0.0831,0.817,0.0,0
727,2023-03-01,123467.96,0.0797,1.0994,0.0,0
727,2024-03-01,123467.96,0.0797,1.0994,0.0,0
727,2025-03-01,123467.96,0.0797,1.0994,0.0,0
728,2024-03-01,92815.47,0.0773,0.9998,0.0448,0
728,2025-03-01,92815.47,0.0773,0.9998,0.0,0
729,2022-03-01,96030.49,0.0492,1.2087,0.0119,0
729,2023-03-01,96030.49,0.0492,1.2087,0.0,0
729,2024-03-01,96030.49,0.0492,1.2087,0.0,0
729,2025-03-01,96030.49,0.0492,1.2087,0.0,0
731,2022-03-01,128712.8,0.0843,0.9494,0.0362,0
731,2023-03-01,128712.8,0.0843,0.9494,0.0,0
731,2024-03-01,132026.69,0.0843,0.9494,0.0257,0
731,2025-03-01,139164.01,0.0843,0.9494,0.0541,0
732,2024-03-01,92000.37,0.095,0.9199,0.0,0
732,2025-03-01,92000.37,0.095,0.9199,0.0,0
733,2024-03-01,99654.92,0.0556,0.8844,0.0379,0
733,2025-03-01,99654.92,0.0556,0.8844,0.0,0
735,2023-03-01,111783.75,0.082,0.9727,0.0555,0
735,2024-03-01,114542.61,0.082,0.9727,0.0247,0
735,2025-03-01,119790.66,0.082,0.9727,0.0458,0
736,2023-03-01,140785.55,0.0724,1.2683,0.0261,0
736,2024-03-01,148094.01,0.0724,1.2683,0.0519,0
736,2025-03-01,152962.96,0.0724,1.2683,0.0329,0
737,2022-03-01,71399.99,0.0657,0.8479,0.0436,0
737,2023-03-01,73527.82,0.0657,0.8479,0.0298,0
737,2024-03-01,77040.17,0.0657,0.8479,0.0478,0
737,2025-03-01,80076.73,0.0657,0.8479,0.0394,0
738,2023-03-01,171560.52,0.1002,1.2361,0.0742,0
738,2024-03-01,183763.86,0.1002,1.2361,0.0711,0
738,2025-03-01,191620.61,0.1002,1.2361,0.0428,0
739,2023-03-01,58463.93,0.0485,0.8991,0.0,0
739,2024-03-01,58463.93,0.0485,0.8991,0.0,0
739,2025-03-01,59579.95,0.0485,0.8991,0.0191,0
740,2024-03-01,69642.66,0.0668,0.7452,0.0194,0
740,2025-03-01,70814.29,0.0668,0.7452,0.0168,0
741,2023-03-01,79724.9,0.0949,0.8569,0.0604,0
741,2024-03-01,79724.9,0.0949,0.8569,0.0,0
741,2025-03-01,79724.9,0.0949,0.8569,0.0,0
742,2022-03-01,89887.14,0.0784,0.7323,0.0348,0
743,2025-03-01,100713.52,0.0657,0.9386,0.0,0
744,2023-03-01,64624.21,0.0555,0.8551,0.0,0
744,2024-03-01,64624.21,0.0555,0.8551,0.0,0
744,2025-03-01,64624.21,0.0555,0.8551,0.0,0
745,2023-03-01,63059.24,0.0479,0.8499,0.041,0
745,2024-03-01,63059.24,0.0479,0.8499,0.0,0
745,2025-03-01,65525.81,0.0479,0.8499,0.0391,0
746,2023-03-01,120392.33,0.0602,0.9719,0.0168,0
746,2024-03-01,120392.33,0.0602,0.9719,0.0,0
746,2025-03-01,122649.94,0.0602,0.9719,0.0188,0
748,2023-03-01,142003.45,0.1063,1.1177,0.0272,0
748,2024-03-01,148770.57,0.1063,1.1177,0.0477,0
748,2025-03-01,154131.71,0.1063,1.1177,0.036,0
750,2025-03-01,102662.39,0.0668,0.9752,0.0353,0
751,2022-03-01,66612.54,0.0622,0.8238,0.0,0
751,2023-03-01,66612.54,0.0622,0.8238,0.0,0
751,2024-03-01,66612.54,0.0622,0.8238,0.0,0
751,2025-03-01,69145.77,0.0622,0.8238,0.038,0
753,2023-03-01,105426.67,0.0677,0.9074,0.0381,0
753,2024-03-01,109481.65,0.0677,0.9074,0.0385,0
753,2025-03-01,111990.37,0.0677,0.9074,0.0229,0
754,2023-03-01,79280.94,0.0595,1.1107,0.0176,0
755,2025-03-01,92914.64,0.0492,0.8386,0.0,0
756,2025-03-01,72694.79,0.0668,0.9569,0.0594,0
757,2024-03-01,69249.98,0.053,0.9795,0.0,0
757,2025-03-01,72627.19,0.053,0.9795,0.0488,0
758,2023-03-01,79153.08,0.0644,1.1861,0.0,0
758,2024-03-01,80038.55,0.0644,1.1861,0.0112,0
758,2025-03-01,82546.3,0.0644,1.1861,0.0313,0
759,2024-03-01,96658.97,0.0585,0.8655,0.0136,0
759,2025-03-01,96658.97,0.0585,0.8655,0.0,0
760,2025-03-01,96735.09,0.0526,0.7199,0.0273,0
761,2023-03-01,87394.03,0.0405,1.1499,0.0,0
761,2024-03-01,90770.89,0.0405,1.1499,0.0386,0
761,2025-03-01,90770.89,0.0405,1.1499,0.0,0
762,2023-03-01,74113.27,0.0703,0.7,0.0487,0
762,2024-03-01,74113.27,0.0703,0.7,0.0,0
762,2025-03-01,76311.25,0.0703,0.7,0.0297,0
763,2022-03-01,68018.4,0.0609,0.9128,0.0279,0
763,2023-03-01,70116.76,0.0609,0.9128,0.0308,0
763,2024-03-01,71807.38,0.0609,0.9128,0.0241,0
763,2025-03-01,73259.14,0.0609,0.9128,0.0202,0
764,2023-03-01,150386.72,0.1157,1.2332,0.08,0
764,2024-03-01,150386.72,0.1157,1.2332,0.0,0
764,2025-03-01,156448.56,0.1157,1.2332,0.0403,0
765,2025-03-01,90688.61,0.0394,1.0456,0.0381,0
766,2024-03-01,69267.64,0.0725,0.8443,0.0,0
768,2023-03-01,78232.04,0.102,0.8858,0.0415,0
769,2025-03-01,87413.13,0.071,0.9848,0.0,0
770,2023-03-01,71779.47,0.0665,0.7259,0.0196,0
770,2024-03-01,75336.28,0.0665,0.7259,0.0496,0
770,2025-03-01,75336.28,0.0665,0.7259,0.0,0
771,2023-03-01,100608.58,0.0584,1.219,0.0,0
771,2024-03-01,100608.58,0.0584,1.219,0.0,0
771,2025-03-01,100608.58,0.0584,1.219,0.0,0
772,2023-03-01,94277.13,0.0459,1.0061,0.0454,0
772,2024-03-01,97966.66,0.0459,1.0061,0.0391,0
772,2025-03-01,97966.66,0.0459,1.0061,0.0,0
773,2023-03-01,70747.12,0.0662,0.9029,0.0,0
773,2024-03-01,72275.13,0.0662,0.9029,0.0216,0
773,2025-03-01,74871.0,0.0662,0.9029,0.0359,0
774,2024-03-01,112506.54,0.0524,1.1721,0.0076,0
774,2025-03-01,118539.21,0.0524,1.1721,0.0536,0
776,2024-03-01,90445.78,0.0802,1.0362,0.0442,0
776,2025-03-01,95261.5,0.0802,1.0362,0.0532,0
777,2023-03-01,52133.75,0.0248,0.8634,0.0273,0
777,2024-03-01,55263.27,0.0248,0.8634,0.06,0
777,2025-03-01,55263.27,0.0248,0.8634,0.0,0
778,2022-03-01,82039.03,0.0536,0.9274,0.0553,0
778,2023-03-01,85959.64,0.0536,0.9274,0.0478,0
778,2024-03-01,89137.31,0.0536,0.9274,0.037,0
778,2025-03-01,92276.21,0.0536,0.9274,0.0352,0
779,2023-03-01,56151.42,0.039,0.8917,0.0,0
779,2024-03-01,56589.49,0.039,0.8917,0.0078,0
779,2025-03-01,60193.58,0.039,0.8917,0.0637,0
780,2024-03-01,98252.88,0.052,1.132,0.04,0
780,2025-03-01,101109.56,0.052,1.132,0.0291,0
781,2025-03-01,134326.12,0.0837,0.9358,0.0699,0
783,2022-03-01,71299.51,0.0844,0.7596,0.0,0
783,2023-03-01,74564.55,0.0844,0.7596,0.0458,0
783,2024-03-01,74564.55,0.0844,0.7596,0.0,0
783,2025-03-01,79631.93,0.0844,0.7596,0.068,0
784,2024-03-01,59239.33,0.0416,1.0388,0.02,0
784,2025-03-01,60526.65,0.0416,1.0388,0.0217,0
785,2024-03-01,64983.08,0.0507,0.8875,0.0616,0
785,2025-03-01,67428.88,0.0507,0.8875,0.0376,0
786,2024-03-01,118569.81,0.1411,0.8741,0.0664,0
786,2025-03-01,124994.5,0.1411,0.8741,0.0542,0
787,2024-03-01,97776.27,0.055,1.0514,0.0429,0
787,2025-03-01,100659.41,0.055,1.0514,0.0295,0
788,2025-03-01,64275.83,0.0424,0.8509,0.0329,0
789,2024-03-01,98349.49,0.0457,0.9808,0.0617,0
789,2025-03-01,98349.49,0.0457,0.9808,0.0,0
790,2023-03-01,119179.89,0.0751,0.8455,0.0,0
790,2024-03-01,122668.17,0.0751,0.8455,0.0293,0
790,2025-03-01,126785.64,0.0751,0.8455,0.0336,0
791,2025-03-01,78502.0,0.0521,0.8069,0.0519,0
792,2023-03-01,121092.55,0.0753,1.0618,0.0,0
792,2024-03-01,127940.67,0.0753,1.0618,0.0566,0
792,2025-03-01,132488.88,0.0753,1.0618,0.0355,0
793,2025-03-01,102216.89,0.0596,0.7974,0.0196,0
794,2024-03-01,99157.0,0.0594,0.9295,0.04,0
794,2025-03-01,99157.0,0.0594,0.9295,0.0,0
795,2024-03-01,70016.19,0.0409,0.8648,0.0147,0
795,2025-03-01,70016.19,0.0409,0.8648,0.0,0
798,2025-03-01,92859.47,0.0699,0.8228,0.08,0
800,2025-03-01,101448.21,0.0631,0.9576,0.0508,0
802,2025-03-01,122368.08,0.0765,1.2882,0.028,0
803,2023-03-01,108330.46,0.0732,1.0216,0.0505,0
803,2024-03-01,112788.58,0.0732,1.0216,0.0412,0
803,2025-03-01,112788.58,0.0732,1.0216,0.0,0
806,2025-03-01,127551.2,0.0935,1.1611,0.0526,0
807,2023-03-01,121103.39,0.074,1.1557,0.0252,0
807,2024-03-01,121708.91,0.074,1.1557,0.005,0
807,2025-03-01,121708.91,0.074,1.1557,0.0,0
808,2023-03-01,92836.61,0.0498,1.0585,0.0,0
808,2024-03-01,99242.37,0.0498,1.0585,0.069,0
808,2025-03-01,99242.37,0.0498,1.0585,0.0,0
809,2025-03-01,99793.04,0.1139,0.7865,0.0,0
810,2023-03-01,94403.85,0.0765,0.8554,0.0387,0
810,2024-03-01,94403.85,0.0765,0.8554,0.0,0
810,2025-03-01,99807.46,0.0765,0.8554,0.0572,0
811,2025-03-01,59385.84,0.0365,0.9962,0.0175,0
812,2024-03-01,55393.16,0.0253,0.7799,0.0179,0
812,2025-03-01,55393.16,0.0253,0.7799,0.0,0
813,2023-03-01,92268.12,0.0507,1.1884,0.0,0
813,2024-03-01,93897.55,0.0507,1.1884,0.0177,0
813,2025-03-01,96567.32,0.0507,1.1884,0.0284,0
815,2024-03-01,106376.61,0.061,1.0178,0.0682,0
815,2025-03-01,111590.64,0.061,1.0178,0.049,0
816,2024-03-01,90477.67,0.0355,1.0264,0.0131,0
817,2024-03-01,102897.53,0.0565,0.8986,0.0654,0
817,2025-03-01,107984.67,0.0565,0.8986,0.0494,0
818,2023-03-01,83448.39,0.06,0.8283,0.0474,0
818,2024-03-01,83448.39,0.06,0.8283,0.0,0
818,2025-03-01,86620.4,0.06,0.8283,0.038,0
819,2025-03-01,61112.54,0.02,0.8423,0.0,0
820,2023-03-01,147929.83,0.0805,1.1704,0.0,0
820,2024-03-01,152463.89,0.0805,1.1704,0.0307,0
820,2025-03-01,157780.91,0.0805,1.1704,0.0349,0
823,2023-03-01,146810.01,0.1121,1.0757,0.0477,0
823,2024-03-01,155733.12,0.1121,1.0757,0.0608,0
823,2025-03-01,155733.12,0.1121,1.0757,0.0,0
824,2025-03-01,60540.4,0.0388,0.9735,0.0,0
825,2024-03-01,90624.27,0.0467,1.005,0.0,0
825,2025-03-01,94956.3,0.0467,1.005,0.0478,0
826,2023-03-01,118094.82,0.0664,1.0096,0.0431,0
826,2024-03-01,118094.82,0.0664,1.0096,0.0,0
826,2025-03-01,118094.82,0.0664,1.0096,0.0,0
828,2022-03-01,148575.73,0.1153,1.2446,0.0354,0
828,2023-03-01,155349.7,0.1153,1.2446,0.0456,0
828,2024-03-01,162449.57,0.1153,1.2446,0.0457,0
828,2025-03-01,162449.57,0.1153,1.205,0.0,0
829,2023-03-01,124193.0,0.0561,1.1045,0.0,0
829,2024-03-01,128657.46,0.0561,1.1045,0.0359,0
829,2025-03-01,137407.0,0.0561,1.1045,0.068,0
830,2024-03-01,78535.52,0.0539,0.8561,0.0,0
830,2025-03-01,78535.52,0.0539,0.8561,0.0,0
831,2024-03-01,84810.16,0.0624,0.8466,0.0,0
831,2025-03-01,89584.99,0.0624,0.8466,0.0563,0
832,2024-03-01,127653.51,0.0626,1.3176,0.0,0
832,2025-03-01,130007.03,0.0626,1.3176,0.0184,0
833,2025-03-01,96347.69,0.0535,0.9312,0.0706,0
834,2024-03-01,66629.84,0.0719,0.951,0.0418,0
834,2025-03-01,69928.99,0.0719,0.951,0.0495,0
835,2024-03-01,59484.95,0.0449,0.8175,0.0,0
836,2022-03-01,98139.68,0.0532,0.855,0.0195,0
836,2023-03-01,99548.3,0.0532,0.855,0.0144,0
836,2024-03-01,99548.3,0.0532,0.855,0.0,0
836,2025-03-01,103741.52,0.0532,0.855,0.0421,0
837,2023-03-01,139314.95,0.0714,1.1041,0.0,0
837,2024-03-01,145249.55,0.0714,1.1041,0.0426,0
837,2025-03-01,145249.55,0.0714,1.1041,0.0,0
838,2023-03-01,121787.98,0.0779,1.0758,0.0495,0
838,2024-03-01,129135.95,0.0779,1.0758,0.0603,0
838,2025-03-01,134551.89,0.0779,1.0758,0.0419,0
839,2023-03-01,99329.18,0.0649,0.9862,0.0388,0
839,2024-03-01,99329.18,0.0649,0.9862,0.0,0
839,2025-03-01,104273.68,0.0649,0.9862,0.0498,0
840,2024-03-01,70643.27,0.0717,0.8357,0.0,0
840,2025-03-01,70643.27,0.0717,0.8357,0.0,0
841,2023-03-01,103698.74,0.0988,0.8845,0.069,0
841,2024-03-01,108138.88,0.0988,0.8845,0.0428,0
841,2025-03-01,114264.82,0.0988,0.8845,0.0566,0
842,2023-03-01,83449.05,0.0268,0.9783,0.0,0
842,2024-03-01,89104.79,0.0268,0.9783,0.0678,0
842,2025-03-01,90854.86,0.0268,0.9783,0.0196,0
843,2023-03-01,64594.2,0.0567,0.8511,0.0431,0
843,2024-03-01,65272.41,0.0567,0.8511,0.0105,0
843,2025-03-01,65272.41,0.0567,0.8511,0.0,0
846,2024-03-01,110217.81,0.0776,1.1559,0.0455,0
846,2025-03-01,114467.19,0.0776,1.1559,0.0386,0
848,2025-03-01,90777.45,0.0849,0.9283,0.0,0
849,2024-03-01,89444.2,0.0847,0.9715,0.0,0
849,2025-03-01,89444.2,0.0847,0.9715,0.0,0
850,2022-03-01,97633.81,0.0565,0.9276,0.0402,0
850,2023-03-01,97633.81,0.0565,0.9276,0.0,0
850,2024-03-01,102918.34,0.0565,0.9276,0.0541,0
850,2025-03-01,107716.96,0.0565,0.9276,0.0466,0
851,2025-03-01,166285.2,0.108,0.8566,0.0,0
852,2025-03-01,73532.43,0.0919,0.8401,0.0146,0
853,2024-03-01,78972.76,0.0628,0.9387,0.0,0
853,2025-03-01,80475.69,0.0628,0.9387,0.019,0
854,2025-03-01,86814.04,0.0835,0.7932,0.0,0
855,2024-03-01,127095.02,0.0808,0.9724,0.044,0
855,2025-03-01,133616.17,0.0808,0.9724,0.0513,0
856,2025-03-01,94145.16,0.0882,1.0263,0.0427,0
858,2023-03-01,92001.54,0.0478,0.819,0.0531,0
858,2024-03-01,95129.77,0.0478,0.819,0.034,0
858,2025-03-01,95129.77,0.0478,0.819,0.0,0
859,2025-03-01,91732.7,0.0376,1.054,0.0,0
860,2024-03-01,67603.05,0.0565,0.7551,0.039,0
861,2025-03-01,121303.65,0.0817,0.9796,0.0,0
862,2025-03-01,60479.05,0.0411,0.8702,0.0275,0
863,2022-03-01,101989.45,0.055,1.0125,0.0374,0
863,2023-03-01,105986.91,0.055,1.0125,0.0392,0
863,2024-03-01,111109.41,0.055,1.0125,0.0483,0
863,2025-03-01,111109.41,0.055,1.0125,0.0,0
864,2024-03-01,77158.63,0.0495,0.8756,0.0639,0
864,2025-03-01,77158.63,0.0495,0.8756,0.0,0
865,2023-03-01,86396.83,0.0385,0.9395,0.0,0
865,2024-03-01,88476.81,0.0385,0.9395,0.0241,0
865,2025-03-01,90948.69,0.0385,0.9395,0.0279,0
866,2024-03-01,90861.12,0.0807,0.8923,0.017,0
866,2025-03-01,94805.12,0.0807,0.8833,0.0434,0
867,2024-03-01,141249.29,0.1042,0.9788,0.0377,0
867,2025-03-01,149076.48,0.1042,0.9788,0.0554,0
868,2025-03-01,107930.45,0.0806,1.1307,0.0,0
869,2023-03-01,97927.64,0.0583,0.8117,0.0,0
869,2024-03-01,101590.17,0.0583,0.8117,0.0374,0
869,2025-03-01,101590.17,0.0583,0.8117,0.0,0
870,2024-03-01,99776.91,0.0596,0.9711,0.0419,0
870,2025-03-01,99776.91,0.0596,0.9711,0.0,0
871,2023-03-01,90406.91,0.0387,0.8249,0.0356,0
871,2024-03-01,90406.91,0.0387,0.8249,0.0,0
871,2025-03-01,90406.91,0.0387,0.8249,0.0,0
872,2025-03-01,71970.62,0.0683,0.9455,0.0708,0
875,2025-03-01,77117.79,0.0817,0.9199,0.0668,0
876,2025-03-01,100213.03,0.0663,0.725,0.0,0
877,2023-03-01,151365.25,0.0792,1.1888,0.0,0
877,2024-03-01,156686.88,0.0792,1.1888,0.0352,0
877,2025-03-01,156686.88,0.0792,1.1888,0.0,0
878,2023-03-01,73023.12,0.08,0.9674,0.0,0
878,2024-03-01,76060.68,0.08,0.9674,0.0416,0
878,2025-03-01,78875.77,0.08,0.9674,0.037,0
879,2024-03-01,88993.99,0.0417,1.0215,0.0,0
879,2025-03-01,90550.34,0.0417,1.0215,0.0175,0
880,2025-03-01,87292.64,0.0828,0.8641,0.0431,0
882,2023-03-01,60581.67,0.0488,0.9604,0.0,0
882,2024-03-01,63145.24,0.0488,0.9604,0.0423,0
882,2025-03-01,63145.24,0.0488,0.9604,0.0,0
884,2025-03-01,101402.07,0.0723,0.9226,0.0288,0
885,2024-03-01,129692.04,0.085,0.9805,0.0369,0
886,2023-03-01,93785.01,0.0488,1.0824,0.0,0
887,2022-03-01,74837.87,0.0414,0.9787,0.0,0
888,2024-03-01,77369.6,0.0876,0.7,0.0461,0
888,2025-03-01,81989.28,0.0876,0.7,0.0597,0
889,2024-03-01,93613.65,0.0573,0.9765,0.0172,0
889,2025-03-01,93613.65,0.0573,0.9765,0.0,0
890,2023-03-01,58023.93,0.0447,0.8263,0.0101,0
890,2024-03-01,60501.34,0.0447,0.8263,0.0427,0
890,2025-03-01,62047.48,0.0447,0.8263,0.0256,0
891,2024-03-01,156028.68,0.1184,1.1121,0.0647,0
891,2025-03-01,164286.12,0.1184,1.1121,0.0529,0
892,2025-03-01,121578.28,0.0669,1.0808,0.0334,0
893,2025-03-01,110643.5,0.0828,0.9385,0.0379,0
895,2023-03-01,64108.07,0.0529,0.8043,0.0303,0
895,2024-03-01,67820.52,0.0529,0.8043,0.0579,0
895,2025-03-01,69959.65,0.0529,0.8043,0.0315,0
896,2023-03-01,113604.07,0.07,1.35,0.0368,0
896,2024-03-01,118817.81,0.07,1.35,0.0459,0
896,2025-03-01,121473.41,0.07,1.35,0.0224,0
897,2025-03-01,80903.19,0.0588,0.9335,0.0406,0
898,2024-03-01,122369.14,0.0849,1.0781,0.0,0
898,2025-03-01,122369.14,0.0849,1.0781,0.0,0
899,2022-03-01,79337.5,0.0492,1.1234,0.0558,0
899,2023-03-01,81381.54,0.0492,1.1234,0.0258,0
899,2024-03-01,84733.0,0.0492,1.1234,0.0412,0
899,2025-03-01,89407.23,0.0492,1.1234,0.0552,0
901,2024-03-01,138832.2,0.1093,1.0657,0.0,0
901,2025-03-01,138832.2,0.1093,1.0657,0.0,0
902,2023-03-01,63567.86,0.0504,0.7531,0.0439,0
902,2024-03-01,66085.28,0.0504,0.7531,0.0396,0
902,2025-03-01,68444.68,0.0504,0.7531,0.0357,0
903,2023-03-01,84003.7,0.0658,0.9901,0.0,0
903,2024-03-01,85343.87,0.0658,0.9901,0.016,0
903,2025-03-01,85343.87,0.0658,0.9901,0.0,0
904,2023-03-01,111934.69,0.074,0.9407,0.0285,0
904,2024-03-01,115590.67,0.074,0.9407,0.0327,0
904,2025-03-01,120121.61,0.074,0.9407,0.0392,0
905,2022-03-01,91976.82,0.0662,0.984,0.03,0
905,2023-03-01,91976.82,0.0662,0.984,0.0,0
905,2024-03-01,96447.51,0.0662,0.984,0.0486,0
905,2025-03-01,96447.51,0.0662,0.984,0.0,0
906,2024-03-01,71454.37,0.0458,0.9761,0.0,0
906,2025-03-01,74147.77,0.0458,0.9761,0.0377,0
907,2024-03-01,71754.92,0.0832,0.9296,0.0431,0
907,2025-03-01,74964.53,0.0832,0.9296,0.0447,0
908,2024-03-01,72549.6,0.0703,0.9035,0.0386,0
908,2025-03-01,74227.68,0.0703,0.9035,0.0231,0
909,2023-03-01,126496.52,0.084,1.051,0.0385,0
909,2024-03-01,130761.83,0.084,1.051,0.0337,0
909,2025-03-01,134987.6,0.084,1.051,0.0323,0
910,2023-03-01,97389.26,0.0635,0.8323,0.0,0
910,2024-03-01,97389.26,0.0635,0.8323,0.0,0
910,2025-03-01,101051.08,0.0635,0.8323,0.0376,0
911,2024-03-01,70892.66,0.0936,0.9529,0.0,0
911,2025-03-01,70892.66,0.0936,0.9529,0.0,0
912,2024-03-01,74200.29,0.0454,1.0756,0.0,0
912,2025-03-01,74200.29,0.0454,1.0756,0.0,0
913,2024-03-01,85447.66,0.0683,0.8165,0.0,0
913,2025-03-01,85447.66,0.0683,0.7668,0.0,0
914,2023-03-01,61657.82,0.0494,0.9251,0.0,0
914,2024-03-01,61657.82,0.0494,0.9251,0.0,0
914,2025-03-01,61657.82,0.0494,0.9251,0.0,0
916,2023-03-01,66082.45,0.0207,0.9425,0.0347,0
916,2024-03-01,66082.45,0.0207,0.9425,0.0,0
916,2025-03-01,68883.87,0.0207,0.9425,0.0424,0
917,2024-03-01,78379.61,0.0397,0.9652,0.0325,0
917,2025-03-01,82080.98,0.0397,0.9652,0.0472,0
918,2025-03-01,98996.74,0.0468,0.9489,0.0416,0
919,2024-03-01,81280.97,0.1035,0.8597,0.043,0
919,2025-03-01,84767.36,0.1035,0.8597,0.0429,0
920,2023-03-01,103153.88,0.074,1.1018,0.0387,0
920,2024-03-01,103153.88,0.074,1.1018,0.0,0
920,2025-03-01,103153.88,0.074,1.1018,0.0,0
921,2024-03-01,113336.04,0.0758,0.9869,0.0528,0
921,2025-03-01,117007.8,0.0758,0.9869,0.0324,0
922,2025-03-01,92271.64,0.0473,0.919,0.0232,0
923,2023-03-01,96546.77,0.0612,0.8531,0.0,0
923,2024-03-01,100652.25,0.0612,0.8531,0.0425,0
923,2025-03-01,100652.25,0.0612,0.8531,0.0,0
924,2023-03-01,103768.67,0.1061,0.8769,0.0474,0
924,2024-03-01,103768.67,0.1061,0.8769,0.0,0
924,2025-03-01,111188.95,0.1061,0.8769,0.0715,0
925,2023-03-01,109509.81,0.0557,0.9278,0.0561,0
925,2024-03-01,109509.81,0.0557,0.9278,0.0,0
925,2025-03-01,109509.81,0.0557,0.9278,0.0,0
926,2025-03-01,111682.6,0.0691,0.9547,0.0422,0
927,2023-03-01,101819.78,0.0922,0.8686,0.0636,0
927,2024-03-01,101819.78,0.0922,0.8686,0.0,0
927,2025-03-01,101819.78,0.0922,0.8686,0.0,0
929,2024-03-01,120145.79,0.096,1.0088,0.0,0
929,2025-03-01,122874.31,0.096,1.0088,0.0227,0
932,2024-03-01,67291.56,0.0622,0.882,0.0193,0
932,2025-03-01,67291.56,0.0622,0.882,0.0,0
933,2023-03-01,136171.86,0.0907,1.0215,0.0789,0
933,2024-03-01,143616.33,0.0907,1.0215,0.0547,0
933,2025-03-01,150964.99,0.0907,1.0215,0.0512,0
934,2023-03-01,93696.91,0.0417,0.8853,0.0407,0
934,2024-03-01,97428.54,0.0417,0.8853,0.0398,0
934,2025-03-01,97428.54,0.0417,0.8853,0.0,0
935,2023-03-01,155749.42,0.0958,1.1459,0.0253,0
935,2024-03-01,155749.42,0.0958,1.1459,0.0,0
935,2025-03-01,166844.79,0.0958,1.1459,0.0712,0
936,2025-03-01,103405.41,0.0659,0.9784,0.0,0
937,2023-03-01,81577.69,0.0613,1.039,0.0458,0
937,2024-03-01,86096.29,0.0613,1.039,0.0554,0
937,2025-03-01,89239.52,0.0613,1.039,0.0365,0
938,2023-03-01,78088.31,0.0949,0.8593,0.0,0
938,2024-03-01,78088.31,0.0949,0.8593,0.0,0
938,2025-03-01,79075.84,0.0949,0.8593,0.0126,0
939,2024-03-01,98964.5,0.0547,0.9169,0.0,0
939,2025-03-01,98964.5,0.0547,0.9169,0.0,0
941,2023-03-01,163917.23,0.1061,1.1093,0.0,0
942,2022-03-01,72069.69,0.0771,0.7352,0.0633,0
942,2023-03-01,77001.83,0.0771,0.7352,0.0684,0
942,2024-03-01,80515.72,0.0771,0.7352,0.0456,0
942,2025-03-01,82037.93,0.0771,0.7352,0.0189,0
943,2022-03-01,72185.66,0.0407,0.8926,0.0,0
943,2023-03-01,72185.66,0.0407,0.8926,0.0,0
943,2024-03-01,72185.66,0.0407,0.8926,0.0,0
943,2025-03-01,72185.66,0.0407,0.8926,0.0,0
945,2024-03-01,127470.31,0.0992,1.0087,0.0525,0
945,2025-03-01,133912.99,0.0992,1.0087,0.0505,0
946,2023-03-01,78146.1,0.0236,1.0396,0.0,0
946,2024-03-01,78146.1,0.0236,1.0396,0.0,0
946,2025-03-01,79114.53,0.0236,1.0396,0.0124,0
947,2023-03-01,95043.66,0.0562,0.9368,0.0302,0
948,2023-03-01,75141.58,0.0832,0.8824,0.052,0
948,2024-03-01,79833.84,0.0832,0.8824,0.0624,0
948,2025-03-01,79833.84,0.0832,0.8824,0.0,0
949,2023-03-01,103041.43,0.0577,1.0144,0.0242,0
949,2024-03-01,103041.43,0.0577,1.0144,0.0,0
949,2025-03-01,103041.43,0.0577,1.0144,0.0,0
951,2025-03-01,144316.25,0.1082,1.0842,0.0349,0
952,2024-03-01,120006.17,0.0846,1.35,0.0225,0
952,2025-03-01,122330.48,0.0846,1.35,0.0194,0
953,2025-03-01,89266.06,0.0702,1.0426,0.0,0
954,2023-03-01,84528.69,0.0618,0.9526,0.0,0
954,2024-03-01,86669.53,0.0618,0.9526,0.0253,0
954,2025-03-01,90838.57,0.0618,0.9526,0.0481,0
955,2025-03-01,154105.01,0.086,1.0396,0.0311,0
956,2025-03-01,101534.15,0.1021,0.8877,0.0457,0
957,2023-03-01,120258.51,0.0787,1.2894,0.005,0
957,2024-03-01,120258.51,0.0787,1.2894,0.0,0
957,2025-03-01,123919.52,0.0787,1.2894,0.0304,0
958,2025-03-01,63157.08,0.0529,0.7926,0.0476,0
959,2023-03-01,110773.54,0.0808,0.9801,0.039,0
959,2024-03-01,110773.54,0.0808,0.9801,0.0,0
959,2025-03-01,110773.54,0.0808,0.9801,0.0,0
960,2023-03-01,116911.1,0.0631,1.0513,0.0436,0
960,2024-03-01,119446.58,0.0631,1.0513,0.0217,0
960,2025-03-01,119446.58,0.0631,1.0513,0.0,0
961,2023-03-01,140848.79,0.0677,1.2008,0.0,0
961,2024-03-01,140848.79,0.0677,1.2008,0.0,0
961,2025-03-01,145891.0,0.0677,1.2008,0.0358,0
962,2024-03-01,77306.08,0.0478,0.8718,0.0,0
962,2025-03-01,77306.08,0.0478,0.8718,0.0,0
963,2025-03-01,95429.12,0.0549,1.0212,0.0492,0
965,2024-03-01,72405.54,0.074,0.9841,0.0462,0
965,2025-03-01,75738.41,0.074,0.9841,0.046,0
966,2025-03-01,97741.47,0.0532,0.9176,0.0,0
967,2025-03-01,111227.79,0.0748,1.1173,0.0721,0
968,2023-03-01,155871.09,0.0973,1.0693,0.0,0
968,2024-03-01,162923.94,0.0973,1.0693,0.0452,0
968,2025-03-01,166310.21,0.0973,1.0693,0.0208,0
969,2024-03-01,72207.68,0.0469,0.8257,0.0,0
969,2025-03-01,72207.68,0.0469,0.8257,0.0,0
970,2023-03-01,71785.6,0.0769,0.7785,0.0397,0
970,2024-03-01,72978.58,0.0769,0.7785,0.0166,0
970,2025-03-01,75583.69,0.0769,0.7785,0.0357,0
971,2025-03-01,73788.72,0.0787,0.7,0.0,0
973,2023-03-01,85289.75,0.0659,0.7915,0.0,0
973,2024-03-01,85289.75,0.0659,0.7518,0.0,0
974,2025-03-01,93869.5,0.0499,0.957,0.0071,0
975,2024-03-01,92421.52,0.0861,1.0041,0.0732,0
975,2025-03-01,92421.52,0.0861,1.0041,0.0,0
976,2024-03-01,144298.82,0.0697,1.2507,0.0518,0
976,2025-03-01,151125.68,0.0697,1.2507,0.0473,0
977,2023-03-01,129076.91,0.0532,0.9524,0.0338,0
977,2024-03-01,129076.91,0.0532,0.9524,0.0,0
977,2025-03-01,129076.91,0.0532,0.9524,0.0,0
978,2023-03-01,104149.36,0.0594,1.0373,0.0488,0
978,2024-03-01,104149.36,0.0594,1.0373,0.0,0
978,2025-03-01,107761.64,0.0594,1.0373,0.0347,0
979,2022-03-01,127659.61,0.0621,1.3074,0.0231,0
979,2023-03-01,135979.35,0.0621,1.3074,0.0652,0
979,2024-03-01,137353.94,0.0621,1.3074,0.0101,0
979,2025-03-01,137353.94,0.0621,1.3074,0.0,0
980,2023-03-01,107097.21,0.077,0.9236,0.0354,0
980,2024-03-01,111461.89,0.077,0.9042,0.0408,0
981,2022-03-01,79582.38,0.0438,0.9767,0.0202,0
981,2023-03-01,79980.29,0.0438,0.9767,0.005,0
981,2024-03-01,79980.29,0.0438,0.9767,0.0,0
981,2025-03-01,82379.83,0.0438,0.9767,0.03,0
982,2024-03-01,63255.24,0.0596,0.7334,0.0254,0
982,2025-03-01,65004.95,0.0596,0.7334,0.0277,0
983,2023-03-01,96070.47,0.0909,0.9626,0.0,0
983,2024-03-01,96070.47,0.0909,0.9626,0.0,0
983,2025-03-01,100298.52,0.0909,0.9626,0.044,0
984,2025-03-01,109581.02,0.082,1.0158,0.0,0
985,2024-03-01,127369.41,0.0896,1.1657,0.0446,0
985,2025-03-01,135296.0,0.0896,1.1657,0.0622,0
986,2025-03-01,82273.0,0.0574,0.9861,0.0465,0
987,2024-03-01,126283.48,0.0877,0.9046,0.0,0
987,2025-03-01,132713.61,0.0877,0.9046,0.0509,0
988,2024-03-01,102563.52,0.0738,1.0164,0.0,0
988,2025-03-01,102563.52,0.0738,1.0164,0.0,0
990,2022-03-01,154037.66,0.097,0.8484,0.0,0
990,2023-03-01,154037.66,0.097,0.8484,0.0,0
990,2024-03-01,154037.66,0.097,0.8484,0.0,0
990,2025-03-01,154037.66,0.097,0.8484,0.0,0
991,2023-03-01,70259.21,0.038,1.0267,0.0224,0
991,2024-03-01,73234.99,0.038,1.0177,0.0424,0
992,2025-03-01,84617.36,0.0714,1.0968,0.0,0
993,2023-03-01,85455.47,0.0379,0.8218,0.0,0
993,2024-03-01,86136.19,0.0379,0.8218,0.008,0
993,2025-03-01,87317.39,0.0379,0.8218,0.0137,0
994,2022-03-01,76876.97,0.0993,0.7816,0.0301,0
994,2023-03-01,82544.89,0.0993,0.7816,0.0737,0
994,2024-03-01,86324.9,0.0993,0.7816,0.0458,0
994,2025-03-01,86324.9,0.0993,0.7816,0.0,0
995,2023-03-01,112859.2,0.0753,1.0621,0.0578,0
995,2024-03-01,116074.39,0.0753,1.0621,0.0285,0
995,2025-03-01,119274.34,0.0753,1.0621,0.0276,0
996,2023-03-01,70876.77,0.0289,0.8222,0.0358,0
996,2024-03-01,70876.77,0.0289,0.8222,0.0,0
996,2025-03-01,70876.77,0.0289,0.8222,0.0,0
997,2024-03-01,78477.84,0.06,1.0706,0.0286,0
997,2025-03-01,78477.84,0.06,1.0706,0.0,0
998,2023-03-01,142607.08,0.0696,1.2961,0.0266,0
998,2024-03-01,142607.08,0.0696,1.2961,0.0,0
998,2025-03-01,148596.3,0.0696,1.2961,0.042,0
1000,2025-03-01,69468.99,0.0629,0.7742,0.0,0
