employee_id,review_date,rating,calibrated_rating,goal_attainment_pct
1,2023-12-01,2.81,2.71,0.672
1,2024-12-01,3.08,3.19,0.643
1,2025-12-01,3.36,3.55,0.631
2,2025-12-01,3.67,3.51,0.705
3,2022-12-01,2.52,2.55,0.692
3,2023-12-01,2.75,2.57,0.722
3,2024-12-01,2.7,2.53,0.724
3,2025-12-01,3.03,3.17,0.676
4,2022-12-01,2.42,2.36,0.756
4,2023-12-01,2.82,2.75,0.676
4,2024-12-01,2.91,3.26,0.761
4,2025-12-01,2.71,2.65,0.728
5,2022-12-01,3.25,2.89,0.681
5,2023-12-01,3.43,3.39,0.699
5,2024-12-01,3.28,3.17,0.745
5,2025-12-01,3.09,3.04,0.697
6,2022-12-01,2.91,2.85,0.696
6,2023-12-01,3.28,3.37,0.776
6,2024-12-01,3.31,3.42,0.745
6,2025-12-01,3.31,3.31,0.729
7,2024-12-01,4.06,4.18,0.756
7,2025-12-01,4.22,4.23,0.8
8,2024-12-01,2.77,2.62,0.691
8,2025-12-01,2.73,2.69,0.75
9,2023-12-01,2.5,2.54,0.654
9,2024-12-01,2.17,1.94,0.552
9,2025-12-01,2.33,2.51,0.565
10,2024-12-01,3.12,3.14,0.645
10,2025-12-01,2.9,3.02,0.646
11,2023-12-01,2.74,2.72,0.634
11,2024-12-01,3.0,2.93,0.732
11,2025-12-01,3.19,3.18,0.648
12,2025-12-01,1.9,2.01,0.537
13,2025-12-01,3.94,3.97,0.748
14,2023-12-01,3.29,3.45,0.847
14,2024-12-01,3.1,3.11,0.62
14,2025-12-01,3.17,3.13,0.742
15,2025-12-01,3.94,3.92,0.848
16,2024-12-01,2.33,2.25,0.683
17,2022-12-01,3.29,3.34,0.771
17,2023-12-01,2.86,2.92,0.679
17,2024-12-01,2.98,3.14,0.738
17,2025-12-01,2.81,2.53,0.665
18,2022-12-01,2.99,2.97,0.807
18,2023-12-01,2.93,3.05,0.869
18,2024-12-01,2.87,2.86,0.784
18,2025-12-01,3.34,3.15,0.819
19,2023-12-01,2.99,3.04,0.777
19,2024-12-01,3.17,3.3,0.758
19,2025-12-01,3.12,3.17,0.751
20,2024-12-01,2.69,2.67,0.736
20,2025-12-01,3.12,3.05,0.682
21,2025-12-01,2.98,2.87,0.65
22,2024-12-01,3.28,3.36,0.819
22,2025-12-01,3.4,3.75,0.797
23,2025-12-01,2.92,2.77,0.687
24,2023-12-01,3.16,3.34,0.754
24,2024-12-01,2.8,2.85,0.632
24,2025-12-01,3.28,3.39,0.712
25,2025-12-01,3.62,3.66,0.828
26,2024-12-01,3.62,3.57,0.626
26,2025-12-01,3.84,3.96,0.672
27,2023-12-01,3.69,3.44,0.829
27,2024-12-01,3.71,3.72,0.76
27,2025-12-01,3.66,3.71,0.841
28,2023-12-01,3.4,3.64,0.755
28,2024-12-01,3.5,3.37,0.651
28,2025-12-01,3.44,3.56,0.696
29,2024-12-01,3.68,3.52,0.736
29,2025-12-01,4.1,4.05,0.743
30,2022-12-01,3.3,3.27,0.757
30,2023-12-01,2.97,3.11,0.629
31,2024-12-01,3.39,3.38,0.75
31,2025-12-01,3.6,3.49,0.798
32,2022-12-01,1.96,1.77,0.658
32,2023-12-01,2.36,2.49,0.671
32,2024-12-01,2.58,2.83,0.593
32,2025-12-01,2.3,2.26,0.562
33,2023-12-01,2.42,2.47,0.625
34,2024-12-01,3.03,3.39,0.697
34,2025-12-01,2.93,3.03,0.701
35,2022-12-01,3.07,2.97,0.767
35,2023-12-01,3.07,2.76,0.705
35,2024-12-01,3.07,3.19,0.825
35,2025-12-01,3.18,3.47,0.736
36,2022-12-01,2.74,2.84,0.668
36,2023-12-01,2.64,2.55,0.791
36,2024-12-01,2.94,2.81,0.676
36,2025-12-01,2.73,2.91,0.581
37,2023-12-01,2.81,2.66,0.615
37,2024-12-01,2.57,2.51,0.666
37,2025-12-01,2.35,2.36,0.601
38,2025-12-01,2.33,2.22,0.632
39,2022-12-01,2.75,2.66,0.763
39,2023-12-01,2.88,2.93,0.768
39,2024-12-01,3.02,2.72,0.807
39,2025-12-01,3.01,3.04,0.705
40,2025-12-01,3.33,3.17,0.692
41,2022-12-01,4.15,4.34,0.772
41,2023-12-01,3.74,3.75,0.698
41,2024-12-01,4.0,4.11,0.657
41,2025-12-01,4.09,4.1,0.738
42,2025-12-01,3.59,3.75,0.745
43,2025-12-01,3.12,3.2,0.63
44,2023-12-01,2.98,3.03,0.746
44,2024-12-01,2.69,2.71,0.73
44,2025-12-01,2.65,2.63,0.73
45,2023-12-01,2.88,2.81,0.587
45,2024-12-01,2.68,2.61,0.657
45,2025-12-01,2.79,2.72,0.676
46,2023-12-01,3.39,3.46,0.761
46,2024-12-01,3.39,3.25,0.783
46,2025-12-01,3.49,3.44,0.606
47,2024-12-01,3.43,3.55,0.791
47,2025-12-01,3.47,3.4,0.784
48,2022-12-01,3.05,2.83,0.689
48,2023-12-01,3.15,3.44,0.658
48,2024-12-01,3.12,2.87,0.696
48,2025-12-01,3.03,3.24,0.608
49,2022-12-01,3.95,3.93,0.816
49,2023-12-01,4.14,4.27,0.79
49,2024-12-01,4.13,4.08,0.802
49,2025-12-01,3.92,4.1,0.74
50,2022-12-01,2.95,3.08,0.724
50,2023-12-01,3.24,3.22,0.643
50,2024-12-01,3.31,3.19,0.79
50,2025-12-01,2.94,3.17,0.705
51,2023-12-01,3.06,3.43,0.722
51,2024-12-01,3.48,3.3,0.672
51,2025-12-01,3.32,3.13,0.756
52,2022-12-01,2.91,2.83,0.704
52,2023-12-01,2.74,2.74,0.816
52,2024-12-01,2.67,2.95,0.737
52,2025-12-01,2.6,2.74,0.759
53,2024-12-01,2.98,3.05,0.612
54,2025-12-01,3.84,3.93,0.752
56,2023-12-01,2.24,2.14,0.691
56,2024-12-01,2.31,2.57,0.689
56,2025-12-01,2.52,2.49,0.67
57,2023-12-01,3.25,3.36,0.685
57,2024-12-01,2.77,2.75,0.637
57,2025-12-01,3.03,2.95,0.736
58,2025-12-01,4.4,4.42,0.848
59,2025-12-01,3.25,3.27,0.745
60,2025-12-01,3.16,3.02,0.74
61,2025-12-01,3.94,4.04,0.854
62,2022-12-01,3.27,3.33,0.664
62,2023-12-01,3.6,3.7,0.769
62,2024-12-01,3.13,3.15,0.786
62,2025-12-01,2.8,2.87,0.743
63,2025-12-01,3.8,3.7,0.758
64,2024-12-01,3.51,3.45,0.716
64,2025-12-01,3.43,3.38,0.665
65,2022-12-01,3.73,3.69,0.776
65,2023-12-01,3.72,3.62,0.859
65,2024-12-01,3.68,3.69,0.761
65,2025-12-01,3.62,3.52,0.842
66,2025-12-01,3.36,3.27,0.712
67,2022-12-01,2.92,3.03,0.62
67,2023-12-01,3.21,3.17,0.707
67,2024-12-01,2.89,2.88,0.697
67,2025-12-01,2.81,2.82,0.712
68,2024-12-01,2.92,2.76,0.707
68,2025-12-01,2.88,2.88,0.685
69,2022-12-01,2.49,2.55,0.569
69,2023-12-01,2.56,2.51,0.68
69,2024-12-01,2.56,2.43,0.638
69,2025-12-01,2.62,2.64,0.645
70,2023-12-01,2.4,2.03,0.712
70,2024-12-01,2.5,2.36,0.712
70,2025-12-01,2.4,2.26,0.658
71,2024-12-01,3.52,3.46,0.662
72,2023-12-01,3.24,3.64,0.702
72,2024-12-01,3.32,3.1,0.791
72,2025-12-01,3.19,3.31,0.789
74,2022-12-01,4.37,4.17,0.795
74,2023-12-01,4.15,4.21,0.809
74,2024-12-01,4.42,4.33,0.878
74,2025-12-01,4.2,4.01,0.77
76,2022-12-01,2.73,2.78,0.653
76,2023-12-01,2.76,2.69,0.714
76,2024-12-01,2.8,2.7,0.663
76,2025-12-01,2.55,2.74,0.681
77,2023-12-01,3.09,3.19,0.686
77,2024-12-01,2.98,2.96,0.719
77,2025-12-01,3.53,3.53,0.753
78,2025-12-01,2.25,2.57,0.619
79,2025-12-01,2.24,2.32,0.664
80,2023-12-01,3.15,3.09,0.822
80,2024-12-01,3.25,3.02,0.772
80,2025-12-01,3.4,3.6,0.683
81,2024-12-01,3.44,3.45,0.734
81,2025-12-01,3.09,2.89,0.75
82,2024-12-01,2.86,2.81,0.781
82,2025-12-01,3.34,3.33,0.7
83,2025-12-01,2.7,2.68,0.651
84,2023-12-01,2.43,2.65,0.604
84,2024-12-01,2.25,2.25,0.673
84,2025-12-01,2.1,2.14,0.545
85,2022-12-01,2.91,2.86,0.68
85,2023-12-01,3.1,2.99,0.819
85,2024-12-01,2.98,3.02,0.666
85,2025-12-01,2.9,2.63,0.539
86,2022-12-01,4.39,4.29,0.721
86,2023-12-01,4.04,3.94,0.719
86,2024-12-01,3.86,3.56,0.747
86,2025-12-01,3.7,3.69,0.73
87,2022-12-01,3.87,3.91,0.738
87,2023-12-01,3.96,4.01,0.85
87,2024-12-01,3.95,3.85,0.833
87,2025-12-01,4.07,4.26,0.796
88,2023-12-01,3.48,3.46,0.701
88,2024-12-01,3.38,3.4,0.826
88,2025-12-01,2.88,2.78,0.705
89,2022-12-01,3.77,3.83,0.867
89,2023-12-01,4.07,4.06,0.849
89,2024-12-01,3.9,3.78,0.793
89,2025-12-01,4.19,4.18,0.757
90,2024-12-01,4.25,4.19,0.856
90,2025-12-01,3.47,3.65,0.761
91,2023-12-01,2.56,2.54,0.742
91,2024-12-01,2.6,2.52,0.725
91,2025-12-01,2.69,2.81,0.859
92,2022-12-01,2.69,2.73,0.697
92,2023-12-01,2.67,2.47,0.661
92,2024-12-01,2.77,3.0,0.704
92,2025-12-01,2.52,2.49,0.684
93,2025-12-01,3.05,3.1,0.654
94,2023-12-01,3.33,3.2,0.736
94,2024-12-01,2.99,2.95,0.605
94,2025-12-01,2.96,2.99,0.648
95,2022-12-01,3.77,3.37,0.754
95,2023-12-01,3.91,3.64,0.764
95,2024-12-01,3.69,3.67,0.872
95,2025-12-01,3.5,3.59,0.759
96,2024-12-01,3.87,4.06,0.699
96,2025-12-01,3.84,3.78,0.681
97,2022-12-01,3.45,3.62,0.786
97,2023-12-01,3.31,3.21,0.807
97,2024-12-01,3.46,3.28,0.734
97,2025-12-01,3.7,3.66,0.796
98,2024-12-01,2.25,2.3,0.613
98,2025-12-01,2.07,2.1,0.651
99,2024-12-01,2.56,2.79,0.597
99,2025-12-01,2.77,3.02,0.615
100,2023-12-01,3.93,3.89,0.812
100,2024-12-01,4.06,3.87,0.822
100,2025-12-01,3.83,3.95,0.793
101,2024-12-01,3.41,3.29,0.717
101,2025-12-01,3.7,3.79,0.728
102,2023-12-01,3.14,2.85,0.578
102,2024-12-01,2.97,2.84,0.658
102,2025-12-01,2.74,2.7,0.636
103,2023-12-01,2.84,3.04,0.77
103,2024-12-01,3.15,2.99,0.639
103,2025-12-01,3.51,3.67,0.728
105,2022-12-01,3.13,3.13,0.658
105,2023-12-01,3.22,3.02,0.59
105,2024-12-01,2.99,3.0,0.743
105,2025-12-01,2.66,2.74,0.693
106,2025-12-01,3.64,3.49,0.701
107,2023-12-01,2.59,2.69,0.642
107,2024-12-01,2.46,2.34,0.655
107,2025-12-01,2.68,2.67,0.708
108,2023-12-01,3.38,3.5,0.735
108,2024-12-01,3.35,3.34,0.788
108,2025-12-01,2.76,2.67,0.697
109,2023-12-01,3.68,3.52,0.749
109,2024-12-01,3.77,3.89,0.715
109,2025-12-01,3.46,3.71,0.729
110,2023-12-01,3.72,3.8,0.709
110,2024-12-01,4.07,4.28,0.862
110,2025-12-01,4.47,4.17,0.762
111,2022-12-01,2.58,2.7,0.645
111,2023-12-01,2.85,2.57,0.651
111,2024-12-01,2.46,2.36,0.586
111,2025-12-01,2.5,2.47,0.555
112,2023-12-01,3.4,3.37,0.648
112,2024-12-01,3.65,3.56,0.651
112,2025-12-01,3.31,3.5,0.663
113,2024-12-01,3.8,3.95,0.737
113,2025-12-01,3.45,3.61,0.665
114,2022-12-01,3.59,3.56,0.781
114,2023-12-01,3.21,3.03,0.757
114,2024-12-01,3.1,3.05,0.805
114,2025-12-01,3.11,3.32,0.837
115,2022-12-01,2.78,2.51,0.692
115,2023-12-01,3.03,2.98,0.638
115,2024-12-01,2.84,3.07,0.61
115,2025-12-01,2.71,2.74,0.606
116,2022-12-01,2.67,2.31,0.554
116,2023-12-01,2.7,2.36,0.609
116,2024-12-01,3.16,2.97,0.716
116,2025-12-01,2.96,3.05,0.6
118,2025-12-01,3.46,3.31,0.663
119,2022-12-01,3.23,3.18,0.761
119,2023-12-01,3.21,3.13,0.704
119,2024-12-01,2.6,2.52,0.691
119,2025-12-01,2.73,2.84,0.729
120,2022-12-01,4.72,4.86,0.778
120,2023-12-01,4.2,3.97,0.877
120,2024-12-01,4.41,4.44,0.866
120,2025-12-01,4.42,4.56,0.955
121,2022-12-01,2.84,2.74,0.644
121,2023-12-01,2.73,2.8,0.685
121,2024-12-01,2.96,2.64,0.744
121,2025-12-01,3.12,3.19,0.703
122,2024-12-01,2.47,2.45,0.676
122,2025-12-01,2.56,2.78,0.696
123,2024-12-01,3.32,3.09,0.788
123,2025-12-01,3.01,3.27,0.717
124,2023-12-01,3.78,3.95,0.723
124,2024-12-01,3.91,3.91,0.833
124,2025-12-01,4.23,4.27,0.773
125,2024-12-01,3.41,3.26,0.766
125,2025-12-01,3.78,3.9,0.716
126,2023-12-01,3.43,3.35,0.846
126,2024-12-01,3.31,3.41,0.709
126,2025-12-01,2.98,3.13,0.739
127,2025-12-01,3.99,4.03,0.776
128,2024-12-01,3.54,3.44,0.72
128,2025-12-01,3.45,3.33,0.712
129,2022-12-01,2.6,2.74,0.58
129,2023-12-01,3.0,2.75,0.668
129,2024-12-01,2.78,2.89,0.641
129,2025-12-01,3.04,2.82,0.65
130,2022-12-01,2.93,3.2,0.771
130,2023-12-01,3.06,3.25,0.726
130,2024-12-01,3.05,3.12,0.671
130,2025-12-01,2.96,3.21,0.7
131,2022-12-01,3.48,3.66,0.689
131,2023-12-01,3.62,3.71,0.706
131,2024-12-01,3.42,3.19,0.662
131,2025-12-01,3.74,3.68,0.795
132,2023-12-01,3.7,3.53,0.716
132,2024-12-01,3.74,3.63,0.829
132,2025-12-01,3.59,3.56,0.753
133,2025-12-01,3.37,3.49,0.813
134,2023-12-01,2.58,2.88,0.722
134,2024-12-01,3.01,2.99,0.651
134,2025-12-01,2.76,2.74,0.568
135,2022-12-01,2.84,2.63,0.728
135,2023-12-01,2.97,2.74,0.652
135,2024-12-01,3.3,3.33,0.671
135,2025-12-01,3.17,3.08,0.689
136,2024-12-01,3.18,2.82,0.691
136,2025-12-01,3.17,3.11,0.682
137,2023-12-01,3.26,3.05,0.755
137,2024-12-01,4.0,3.93,0.788
137,2025-12-01,3.7,3.63,0.949
138,2022-12-01,3.28,3.33,0.71
138,2023-12-01,2.9,2.88,0.77
138,2024-12-01,3.24,3.15,0.743
138,2025-12-01,3.16,3.36,0.723
139,2023-12-01,2.74,2.71,0.697
139,2024-12-01,3.15,3.3,0.673
139,2025-12-01,3.08,3.06,0.584
140,2023-12-01,3.38,3.69,0.851
140,2024-12-01,3.13,3.12,0.841
140,2025-12-01,2.99,3.14,0.742
141,2024-12-01,2.93,2.89,0.709
141,2025-12-01,2.8,2.67,0.697
142,2022-12-01,1.69,1.66,0.545
142,2023-12-01,1.96,1.82,0.587
142,2024-12-01,1.9,1.94,0.565
142,2025-12-01,1.95,1.9,0.607
143,2022-12-01,3.15,3.58,0.811
143,2023-12-01,3.34,3.4,0.806
143,2024-12-01,3.27,3.59,0.704
143,2025-12-01,3.13,2.97,0.752
144,2023-12-01,3.74,3.87,0.736
144,2024-12-01,4.15,4.27,0.655
144,2025-12-01,3.98,4.03,0.711
145,2022-12-01,2.75,2.88,0.659
145,2023-12-01,2.96,2.84,0.656
145,2024-12-01,2.69,2.53,0.708
145,2025-12-01,2.48,2.43,0.66
146,2024-12-01,3.49,3.26,0.722
146,2025-12-01,3.8,3.96,0.785
147,2023-12-01,2.53,2.58,0.733
147,2024-12-01,2.92,3.06,0.749
147,2025-12-01,2.93,2.96,0.658
148,2023-12-01,3.35,3.36,0.703
148,2024-12-01,3.15,2.85,0.669
148,2025-12-01,3.51,3.67,0.608
149,2025-12-01,2.89,2.62,0.625
150,2024-12-01,3.65,3.55,0.793
150,2025-12-01,3.54,3.82,0.833
151,2022-12-01,3.05,3.09,0.702
151,2023-12-01,3.14,3.12,0.761
152,2023-12-01,2.78,2.96,0.702
152,2024-12-01,2.6,2.66,0.737
152,2025-12-01,2.65,2.82,0.804
153,2024-12-01,3.8,3.85,0.736
153,2025-12-01,3.67,3.43,0.681
154,2024-12-01,3.86,3.89,0.781
154,2025-12-01,3.75,4.01,0.605
155,2022-12-01,2.78,2.71,0.64
155,2023-12-01,2.69,2.82,0.603
155,2024-12-01,2.63,2.58,0.628
155,2025-12-01,2.68,2.4,0.604
156,2025-12-01,3.56,3.49,0.777
157,2023-12-01,4.18,4.25,0.806
157,2024-12-01,4.22,4.21,0.844
157,2025-12-01,3.7,3.66,0.861
158,2022-12-01,2.88,2.86,0.765
158,2023-12-01,2.95,2.83,0.699
158,2024-12-01,3.13,3.3,0.616
158,2025-12-01,2.91,2.99,0.729
159,2022-12-01,2.61,2.7,0.583
159,2023-12-01,3.26,3.39,0.76
159,2024-12-01,2.99,3.07,0.707
159,2025-12-01,2.72,2.57,0.786
160,2022-12-01,3.79,3.97,0.755
160,2023-12-01,3.61,3.58,0.694
160,2024-12-01,3.73,3.83,0.701
160,2025-12-01,3.91,3.93,0.74
161,2024-12-01,2.86,2.75,0.745
161,2025-12-01,2.87,2.88,0.631
162,2022-12-01,3.25,3.12,0.641
162,2023-12-01,3.2,3.28,0.685
162,2024-12-01,3.25,3.27,0.738
162,2025-12-01,3.15,2.74,0.707
163,2022-12-01,3.41,3.71,0.69
163,2023-12-01,3.3,3.34,0.63
163,2024-12-01,3.88,3.45,0.688
163,2025-12-01,3.66,3.69,0.621
164,2025-12-01,3.87,3.74,0.725
165,2023-12-01,2.92,2.95,0.579
165,2024-12-01,2.91,2.62,0.697
165,2025-12-01,3.22,3.14,0.743
166,2022-12-01,3.02,2.86,0.716
166,2023-12-01,2.93,3.1,0.781
166,2024-12-01,2.8,2.81,0.653
166,2025-12-01,3.37,3.09,0.741
168,2022-12-01,4.33,4.47,0.778
168,2023-12-01,4.63,4.74,0.753
168,2024-12-01,4.71,4.71,0.882
168,2025-12-01,4.63,4.77,0.849
169,2022-12-01,3.77,3.7,0.701
169,2023-12-01,3.17,2.92,0.673
170,2024-12-01,3.2,3.42,0.647
170,2025-12-01,2.95,2.96,0.656
171,2022-12-01,3.32,3.26,0.703
171,2023-12-01,3.34,3.36,0.652
171,2024-12-01,3.27,3.16,0.694
171,2025-12-01,3.33,3.36,0.661
172,2022-12-01,2.31,2.31,0.605
172,2023-12-01,2.66,2.51,0.551
172,2024-12-01,2.52,2.57,0.634
172,2025-12-01,2.51,2.28,0.627
173,2024-12-01,3.38,3.57,0.643
173,2025-12-01,3.12,3.02,0.734
174,2024-12-01,3.71,4.08,0.83
174,2025-12-01,3.48,3.42,0.846
175,2023-12-01,3.06,2.93,0.721
175,2024-12-01,3.21,3.19,0.797
175,2025-12-01,2.84,2.83,0.827
176,2023-12-01,3.44,3.24,0.785
176,2024-12-01,3.53,3.54,0.803
176,2025-12-01,3.35,3.14,0.803
177,2022-12-01,3.62,3.37,0.729
177,2023-12-01,3.35,3.24,0.797
177,2024-12-01,3.19,3.3,0.771
177,2025-12-01,3.3,3.23,0.812
178,2023-12-01,2.89,2.83,0.622
178,2024-12-01,2.98,3.1,0.563
178,2025-12-01,3.14,3.14,0.657
179,2023-12-01,3.25,3.34,0.773
179,2024-12-01,3.22,3.2,0.698
179,2025-12-01,3.16,3.17,0.776
180,2023-12-01,3.3,3.24,0.696
180,2024-12-01,3.02,3.13,0.652
180,2025-12-01,3.03,2.81,0.723
182,2022-12-01,3.35,3.42,0.748
182,2023-12-01,3.07,2.98,0.696
182,2024-12-01,3.14,3.18,0.733
182,2025-12-01,3.25,3.32,0.678
183,2024-12-01,4.11,4.12,0.699
183,2025-12-01,3.92,3.94,0.837
184,2022-12-01,3.06,2.79,0.719
184,2023-12-01,3.44,3.41,0.761
184,2024-12-01,3.39,3.34,0.689
184,2025-12-01,3.2,3.25,0.771
185,2024-12-01,3.96,4.15,0.752
185,2025-12-01,4.14,4.29,0.698
186,2024-12-01,3.7,3.61,0.682
186,2025-12-01,3.2,3.33,0.739
187,2025-12-01,3.43,3.48,0.801
188,2022-12-01,3.75,3.9,0.732
188,2023-12-01,4.25,4.15,0.767
188,2024-12-01,3.68,3.52,0.762
188,2025-12-01,3.69,3.84,0.663
189,2023-12-01,3.89,3.83,0.764
189,2024-12-01,3.7,3.58,0.796
189,2025-12-01,3.34,3.53,0.882
190,2023-12-01,2.34,2.45,0.717
190,2024-12-01,2.65,2.67,0.768
190,2025-12-01,2.46,2.58,0.75
191,2024-12-01,3.78,3.93,0.757
191,2025-12-01,3.44,3.41,0.806
192,2023-12-01,3.04,2.97,0.817
192,2024-12-01,3.13,3.23,0.691
192,2025-12-01,2.99,3.24,0.741
194,2023-12-01,3.21,3.1,0.744
194,2024-12-01,3.16,3.04,0.752
194,2025-12-01,2.77,2.61,0.714
195,2022-12-01,3.07,3.06,0.728
195,2023-12-01,3.04,3.13,0.733
195,2024-12-01,3.02,3.05,0.652
195,2025-12-01,3.36,3.39,0.706
196,2023-12-01,3.9,4.14,0.774
196,2024-12-01,3.47,3.21,0.725
196,2025-12-01,3.52,3.89,0.671
197,2022-12-01,2.67,2.75,0.563
197,2023-12-01,2.78,3.02,0.557
197,2024-12-01,2.84,2.82,0.625
198,2025-12-01,3.49,3.29,0.75
199,2024-12-01,3.29,3.37,0.645
199,2025-12-01,3.16,3.29,0.695
200,2025-12-01,3.26,3.08,0.733
201,2022-12-01,3.37,3.28,0.658
201,2023-12-01,3.4,3.44,0.8
201,2024-12-01,3.41,3.28,0.764
201,2025-12-01,3.45,3.45,0.699
202,2025-12-01,2.86,2.73,0.699
203,2024-12-01,2.87,2.99,0.682
203,2025-12-01,2.88,2.44,0.774
204,2024-12-01,3.15,3.41,0.799
204,2025-12-01,3.02,2.87,0.691
205,2024-12-01,2.18,2.18,0.581
205,2025-12-01,2.31,2.49,0.669
206,2022-12-01,3.54,3.32,0.752
206,2023-12-01,3.37,3.33,0.648
206,2024-12-01,3.39,3.38,0.624
206,2025-12-01,3.34,3.53,0.672
207,2024-12-01,4.06,4.22,0.889
207,2025-12-01,3.77,3.69,0.824
208,2023-12-01,3.61,3.5,0.796
208,2024-12-01,3.68,3.6,0.768
208,2025-12-01,3.3,3.45,0.794
209,2022-12-01,3.63,3.79,0.774
209,2023-12-01,3.81,4.03,0.852
209,2024-12-01,3.35,3.14,0.826
210,2022-12-01,2.81,2.88,0.618
210,2023-12-01,2.28,2.27,0.592
210,2024-12-01,2.5,2.45,0.627
211,2025-12-01,2.68,2.84,0.567
212,2025-12-01,3.32,3.04,0.685
213,2025-12-01,2.3,2.46,0.674
214,2024-12-01,2.8,2.73,0.62
214,2025-12-01,2.69,2.4,0.693
215,2022-12-01,3.21,3.14,0.734
215,2023-12-01,3.02,2.97,0.673
215,2024-12-01,2.95,2.87,0.688
215,2025-12-01,2.88,2.78,0.743
216,2022-12-01,3.82,3.93,0.754
216,2023-12-01,3.95,3.97,0.849
216,2024-12-01,3.82,3.58,0.843
216,2025-12-01,3.93,4.17,0.813
217,2022-12-01,2.43,2.49,0.652
217,2023-12-01,2.98,2.76,0.692
217,2024-12-01,2.93,3.09,0.597
217,2025-12-01,2.91,2.76,0.732
218,2022-12-01,2.35,2.32,0.674
218,2023-12-01,2.3,2.16,0.659
218,2024-12-01,2.03,2.13,0.506
218,2025-12-01,2.06,2.17,0.584
219,2023-12-01,3.24,3.29,0.674
219,2024-12-01,3.11,3.25,0.735
219,2025-12-01,3.02,3.23,0.737
220,2022-12-01,3.04,3.2,0.649
220,2023-12-01,2.73,2.71,0.614
220,2024-12-01,2.84,2.72,0.566
220,2025-12-01,2.59,2.68,0.628
221,2023-12-01,2.66,2.69,0.599
221,2024-12-01,2.41,2.42,0.531
221,2025-12-01,2.37,2.34,0.517
222,2025-12-01,2.87,3.02,0.621
223,2023-12-01,2.61,2.68,0.665
223,2024-12-01,2.74,2.54,0.658
223,2025-12-01,2.84,2.93,0.663
224,2025-12-01,3.64,3.52,0.728
225,2023-12-01,3.2,2.98,0.643
225,2024-12-01,3.12,2.95,0.679
225,2025-12-01,3.12,3.29,0.689
226,2022-12-01,3.4,3.66,0.809
226,2023-12-01,3.44,3.3,0.749
226,2024-12-01,3.31,3.37,0.715
226,2025-12-01,3.48,3.55,0.781
227,2023-12-01,3.2,3.24,0.805
227,2024-12-01,3.37,3.22,0.84
227,2025-12-01,3.06,3.07,0.763
228,2022-12-01,2.72,2.73,0.632
228,2023-12-01,2.78,2.86,0.679
228,2024-12-01,3.09,3.01,0.67
228,2025-12-01,3.04,2.97,0.741
229,2022-12-01,3.75,3.7,0.815
229,2023-12-01,3.66,3.93,0.67
229,2024-12-01,3.23,3.33,0.796
229,2025-12-01,3.86,3.77,0.739
230,2024-12-01,3.1,3.03,0.707
230,2025-12-01,3.38,3.43,0.669
231,2022-12-01,3.29,3.15,0.695
231,2023-12-01,3.2,3.51,0.695
231,2024-12-01,3.34,3.22,0.761
231,2025-12-01,3.37,3.12,0.68
233,2023-12-01,2.11,1.81,0.639
233,2024-12-01,2.03,1.94,0.705
233,2025-12-01,1.97,2.0,0.632
234,2025-12-01,4.41,4.26,0.818
235,2024-12-01,2.48,2.62,0.575
235,2025-12-01,2.42,2.55,0.562
236,2024-12-01,2.24,2.2,0.679
236,2025-12-01,2.86,2.95,0.637
237,2022-12-01,3.63,3.54,0.784
237,2023-12-01,3.63,3.89,0.873
237,2024-12-01,3.52,3.69,0.825
237,2025-12-01,3.63,3.42,0.849
238,2024-12-01,2.74,2.58,0.675
238,2025-12-01,2.58,2.63,0.715
239,2024-12-01,2.16,2.16,0.542
240,2023-12-01,3.27,3.21,0.644
240,2024-12-01,3.13,3.3,0.603
240,2025-12-01,3.63,3.72,0.711
241,2025-12-01,4.15,3.94,0.826
242,2022-12-01,3.37,3.48,0.735
242,2023-12-01,3.67,3.88,0.732
242,2024-12-01,3.6,3.8,0.822
242,2025-12-01,3.65,3.39,0.883
243,2025-12-01,3.31,3.34,0.783
244,2025-12-01,3.46,3.26,0.834
245,2022-12-01,2.43,2.42,0.659
245,2023-12-01,2.45,2.48,0.677
245,2024-12-01,2.35,2.43,0.63
245,2025-12-01,2.6,2.79,0.768
246,2023-12-01,3.07,3.12,0.748
246,2024-12-01,2.91,2.73,0.652
246,2025-12-01,2.7,2.7,0.648
247,2025-12-01,3.15,2.71,0.796
248,2022-12-01,3.19,3.43,0.721
248,2023-12-01,2.76,2.76,0.727
248,2024-12-01,3.25,3.31,0.658
248,2025-12-01,3.11,2.96,0.637
249,2023-12-01,4.11,4.05,0.807
250,2025-12-01,1.76,1.81,0.656
251,2023-12-01,2.62,2.6,0.591
251,2024-12-01,2.9,3.06,0.62
251,2025-12-01,2.57,2.63,0.655
252,2022-12-01,2.66,2.98,0.669
252,2023-12-01,2.31,2.49,0.663
252,2024-12-01,2.42,2.61,0.661
252,2025-12-01,2.29,2.38,0.798
253,2023-12-01,2.46,2.26,0.687
253,2024-12-01,3.0,3.19,0.649
253,2025-12-01,2.81,3.05,0.601
254,2022-12-01,2.76,2.89,0.702
254,2023-12-01,2.73,2.87,0.675
254,2024-12-01,2.64,2.79,0.73
254,2025-12-01,2.7,2.42,0.659
255,2023-12-01,2.79,2.8,0.74
255,2024-12-01,3.03,3.11,0.672
255,2025-12-01,3.0,2.96,0.776
256,2022-12-01,4.19,4.22,0.78
256,2023-12-01,4.22,4.52,0.79
256,2024-12-01,3.92,3.95,0.793
256,2025-12-01,3.81,3.95,0.883
257,2023-12-01,3.84,3.9,0.867
257,2024-12-01,3.49,3.42,0.785
257,2025-12-01,4.06,3.72,0.813
258,2023-12-01,3.92,3.79,0.84
258,2024-12-01,3.88,3.7,0.783
259,2024-12-01,3.39,3.54,0.769
259,2025-12-01,3.65,3.48,0.924
260,2024-12-01,3.38,3.66,0.733
260,2025-12-01,3.09,3.21,0.754
261,2023-12-01,3.59,3.69,0.678
261,2024-12-01,3.72,3.76,0.719
261,2025-12-01,3.91,3.98,0.725
262,2024-12-01,3.05,3.1,0.638
263,2022-12-01,3.79,3.69,0.848
263,2023-12-01,3.75,3.73,0.771
263,2024-12-01,3.71,4.06,0.908
263,2025-12-01,3.94,3.76,0.8
264,2023-12-01,2.87,3.09,0.652
264,2024-12-01,3.04,2.92,0.713
264,2025-12-01,2.9,3.0,0.646
265,2022-12-01,4.04,4.17,0.845
265,2023-12-01,3.78,3.66,0.727
265,2024-12-01,3.63,3.73,0.714
265,2025-12-01,3.76,3.43,0.742
266,2025-12-01,2.48,2.44,0.597
267,2022-12-01,2.12,2.26,0.62
267,2023-12-01,2.05,2.22,0.522
267,2024-12-01,2.16,1.81,0.671
267,2025-12-01,2.31,2.08,0.581
268,2023-12-01,3.14,2.98,0.815
268,2024-12-01,2.86,2.97,0.615
268,2025-12-01,3.44,3.38,0.737
269,2024-12-01,2.58,2.38,0.615
269,2025-12-01,2.53,2.39,0.705
270,2023-12-01,2.29,2.26,0.586
271,2022-12-01,3.57,3.6,0.816
271,2023-12-01,3.59,3.48,0.822
271,2024-12-01,3.64,3.65,0.771
271,2025-12-01,3.98,3.93,0.814
272,2023-12-01,2.36,1.9,0.568
272,2024-12-01,2.23,2.37,0.551
272,2025-12-01,2.48,2.63,0.518
273,2024-12-01,4.24,4.0,0.639
273,2025-12-01,4.03,4.06,0.721
274,2024-12-01,2.99,2.8,0.734
274,2025-12-01,2.64,2.6,0.688
275,2023-12-01,2.91,2.83,0.757
275,2024-12-01,2.64,2.31,0.634
275,2025-12-01,2.77,2.74,0.776
276,2023-12-01,3.54,3.57,0.755
276,2024-12-01,3.33,3.42,0.582
276,2025-12-01,3.29,3.14,0.797
277,2023-12-01,2.91,2.83,0.684
277,2024-12-01,2.46,2.11,0.529
277,2025-12-01,2.48,2.45,0.621
278,2024-12-01,3.7,3.48,0.797
278,2025-12-01,3.67,3.66,0.836
279,2023-12-01,3.15,3.13,0.623
279,2024-12-01,3.22,3.22,0.754
279,2025-12-01,3.35,3.23,0.686
280,2023-12-01,2.8,2.66,0.742
280,2024-12-01,2.86,2.75,0.728
280,2025-12-01,3.03,3.11,0.588
281,2022-12-01,2.75,2.84,0.665
282,2022-12-01,3.59,3.58,0.659
282,2023-12-01,3.62,4.05,0.729
282,2024-12-01,3.74,3.89,0.699
282,2025-12-01,3.41,3.39,0.602
283,2022-12-01,2.61,2.66,0.575
283,2023-12-01,2.31,2.22,0.588
283,2024-12-01,2.42,2.17,0.606
283,2025-12-01,2.51,2.63,0.566
284,2022-12-01,3.33,3.39,0.685
284,2023-12-01,2.91,2.9,0.557
284,2024-12-01,3.22,3.12,0.766
284,2025-12-01,2.93,2.82,0.685
285,2023-12-01,3.66,3.58,0.747
285,2024-12-01,3.76,3.66,0.887
285,2025-12-01,4.19,4.36,0.776
286,2023-12-01,3.61,3.51,0.72
286,2024-12-01,3.67,3.59,0.816
286,2025-12-01,3.42,3.45,0.835
287,2022-12-01,3.13,3.49,0.743
287,2023-12-01,3.28,3.41,0.842
287,2024-12-01,3.03,2.88,0.793
287,2025-12-01,3.19,3.1,0.766
288,2025-12-01,2.26,2.14,0.643
289,2022-12-01,3.75,3.82,0.763
289,2023-12-01,3.65,3.64,0.901
289,2024-12-01,3.49,3.48,0.67
289,2025-12-01,3.64,3.57,0.813
290,2024-12-01,1.81,2.09,0.684
290,2025-12-01,1.98,1.75,0.624
291,2024-12-01,3.19,3.12,0.675
291,2025-12-01,2.8,2.81,0.684
292,2023-12-01,3.6,3.49,0.743
292,2024-12-01,3.27,3.17,0.74
292,2025-12-01,3.23,3.11,0.744
293,2022-12-01,3.23,3.33,0.783
293,2023-12-01,3.6,3.54,0.846
293,2024-12-01,2.92,2.95,0.789
293,2025-12-01,3.44,3.75,0.853
294,2024-12-01,3.21,3.15,0.796
295,2023-12-01,2.21,2.56,0.726
295,2024-12-01,2.31,2.13,0.609
295,2025-12-01,2.62,2.77,0.708
296,2025-12-01,2.26,2.35,0.67
297,2023-12-01,3.55,3.78,0.749
297,2024-12-01,3.45,3.52,0.765
297,2025-12-01,3.57,3.42,0.79
298,2025-12-01,3.85,3.74,0.819
299,2022-12-01,2.8,2.67,0.691
299,2023-12-01,2.41,2.38,0.779
299,2024-12-01,2.79,2.75,0.737
299,2025-12-01,2.94,3.02,0.729
300,2024-12-01,2.76,2.36,0.698
300,2025-12-01,2.83,2.8,0.684
301,2024-12-01,3.8,3.78,0.774
301,2025-12-01,3.58,3.5,0.755
302,2024-12-01,3.04,3.13,0.8
302,2025-12-01,3.82,3.73,0.838
303,2022-12-01,3.99,4.05,0.647
303,2023-12-01,4.01,4.08,0.734
303,2024-12-01,4.11,4.2,0.693
303,2025-12-01,4.47,4.27,0.655
304,2024-12-01,3.91,3.95,0.801
304,2025-12-01,3.75,3.84,0.779
305,2023-12-01,3.57,3.8,0.744
306,2024-12-01,3.21,3.18,0.847
306,2025-12-01,3.16,3.09,0.717
307,2022-12-01,3.92,4.11,0.684
307,2023-12-01,3.91,3.76,0.74
307,2024-12-01,3.46,3.29,0.752
307,2025-12-01,3.36,3.65,0.726
308,2025-12-01,4.12,3.88,0.687
309,2022-12-01,2.97,3.04,0.646
309,2023-12-01,2.9,3.03,0.658
309,2024-12-01,2.85,2.75,0.588
309,2025-12-01,2.8,2.67,0.64
310,2024-12-01,2.85,2.61,0.557
310,2025-12-01,2.81,2.79,0.603
311,2025-12-01,3.23,3.3,0.715
312,2024-12-01,2.96,2.89,0.689
312,2025-12-01,2.5,2.51,0.65
313,2023-12-01,3.2,2.78,0.719
313,2024-12-01,3.46,3.43,0.777
313,2025-12-01,3.34,3.56,0.698
314,2023-12-01,2.48,2.37,0.66
314,2024-12-01,2.58,2.55,0.623
314,2025-12-01,3.07,2.91,0.611
315,2025-12-01,4.2,4.16,0.926
316,2022-12-01,3.37,3.49,0.724
316,2023-12-01,3.19,3.16,0.738
316,2024-12-01,3.23,3.17,0.739
316,2025-12-01,3.37,3.66,0.802
317,2023-12-01,3.65,3.63,0.806
318,2024-12-01,3.68,3.52,0.852
318,2025-12-01,3.5,3.3,0.7
319,2024-12-01,3.91,3.92,0.796
319,2025-12-01,3.99,4.1,0.834
320,2022-12-01,2.91,3.13,0.674
320,2023-12-01,2.88,2.87,0.731
320,2024-12-01,2.98,2.8,0.673
320,2025-12-01,2.9,2.79,0.624
321,2024-12-01,3.53,3.6,0.691
321,2025-12-01,3.5,3.42,0.734
322,2024-12-01,3.15,3.2,0.693
322,2025-12-01,2.93,3.07,0.658
323,2022-12-01,2.95,2.82,0.836
323,2023-12-01,3.03,2.98,0.706
323,2024-12-01,2.86,2.74,0.628
323,2025-12-01,3.07,3.14,0.657
324,2025-12-01,3.4,3.18,0.8
325,2022-12-01,2.32,2.55,0.52
325,2023-12-01,2.59,2.44,0.639
325,2024-12-01,3.17,2.92,0.606
325,2025-12-01,2.49,2.44,0.518
326,2023-12-01,2.45,2.29,0.524
326,2024-12-01,2.82,2.89,0.611
326,2025-12-01,2.64,2.32,0.672
327,2022-12-01,3.26,3.38,0.767
327,2023-12-01,2.86,3.07,0.774
327,2024-12-01,3.25,3.32,0.712
327,2025-12-01,3.22,3.36,0.737
328,2022-12-01,3.59,3.45,0.811
328,2023-12-01,3.96,3.97,0.835
328,2024-12-01,3.9,3.93,0.772
328,2025-12-01,3.37,3.23,0.826
329,2025-12-01,3.37,3.36,0.644
331,2023-12-01,3.13,2.99,0.573
331,2024-12-01,3.04,3.09,0.664
331,2025-12-01,2.83,2.63,0.582
332,2022-12-01,4.2,4.25,0.799
332,2023-12-01,3.84,3.65,0.843
332,2024-12-01,3.83,3.8,0.694
332,2025-12-01,3.76,3.72,0.912
333,2023-12-01,4.41,4.46,0.806
334,2023-12-01,3.19,3.23,0.67
334,2024-12-01,3.38,3.26,0.625
334,2025-12-01,2.95,2.77,0.746
335,2023-12-01,2.77,2.73,0.711
335,2024-12-01,2.6,2.27,0.646
335,2025-12-01,2.66,2.97,0.651
336,2022-12-01,2.11,2.17,0.629
336,2023-12-01,2.35,2.29,0.673
336,2024-12-01,2.6,2.54,0.665
336,2025-12-01,2.36,2.4,0.586
337,2025-12-01,2.82,3.1,0.695
338,2023-12-01,3.46,3.29,0.665
338,2024-12-01,3.45,3.28,0.643
338,2025-12-01,3.25,3.22,0.723
339,2023-12-01,3.11,3.29,0.684
339,2024-12-01,3.36,3.22,0.671
339,2025-12-01,3.27,3.12,0.677
340,2022-12-01,2.1,2.17,0.655
340,2023-12-01,2.2,2.23,0.589
340,2024-12-01,2.14,2.18,0.582
340,2025-12-01,2.58,2.53,0.671
341,2024-12-01,4.1,4.17,0.738
341,2025-12-01,4.54,4.5,0.743
342,2023-12-01,3.13,3.33,0.734
342,2024-12-01,3.01,3.18,0.665
342,2025-12-01,3.26,3.31,0.706
343,2023-12-01,3.83,3.9,0.763
343,2024-12-01,3.59,3.88,0.681
343,2025-12-01,3.77,3.6,0.73
344,2022-12-01,3.98,3.96,0.75
344,2023-12-01,3.66,3.66,0.629
345,2025-12-01,3.82,3.92,0.683
346,2022-12-01,3.21,3.22,0.78
346,2023-12-01,3.27,3.24,0.672
346,2024-12-01,3.18,3.05,0.723
346,2025-12-01,3.22,3.39,0.684
347,2024-12-01,3.14,3.09,0.696
347,2025-12-01,3.58,3.89,0.759
348,2023-12-01,2.84,2.66,0.634
348,2024-12-01,3.03,3.03,0.636
348,2025-12-01,2.95,2.93,0.638
349,2022-12-01,3.12,3.12,0.689
349,2023-12-01,3.02,3.07,0.704
349,2024-12-01,3.26,3.5,0.705
349,2025-12-01,2.9,2.71,0.728
350,2024-12-01,2.93,3.07,0.556
350,2025-12-01,2.86,2.89,0.625
351,2022-12-01,3.77,3.85,0.817
351,2023-12-01,3.68,3.75,0.829
351,2024-12-01,3.91,4.0,0.877
351,2025-12-01,4.27,4.25,0.819
352,2025-12-01,3.03,2.96,0.682
353,2025-12-01,3.38,3.37,0.857
354,2025-12-01,3.04,3.02,0.704
355,2022-12-01,2.11,2.32,0.571
355,2023-12-01,1.9,1.77,0.438
355,2024-12-01,2.25,1.93,0.577
355,2025-12-01,1.77,1.31,0.471
356,2024-12-01,3.33,3.24,0.79
356,2025-12-01,3.95,3.89,0.728
357,2023-12-01,2.61,2.68,0.726
357,2024-12-01,2.27,2.24,0.618
357,2025-12-01,2.27,2.33,0.669
358,2025-12-01,3.46,3.45,0.758
359,2024-12-01,2.28,2.03,0.513
359,2025-12-01,2.34,2.26,0.678
360,2024-12-01,3.07,2.91,0.761
360,2025-12-01,3.33,3.43,0.836
361,2023-12-01,3.36,3.4,0.701
361,2024-12-01,3.46,3.27,0.762
361,2025-12-01,3.09,3.03,0.68
362,2023-12-01,3.53,3.46,0.689
362,2024-12-01,3.7,3.58,0.7
362,2025-12-01,3.52,3.82,0.694
363,2022-12-01,3.33,3.37,0.636
363,2023-12-01,2.81,2.63,0.647
363,2024-12-01,3.25,3.32,0.63
363,2025-12-01,3.21,3.31,0.633
364,2024-12-01,3.89,3.9,0.907
364,2025-12-01,4.06,4.0,0.952
365,2023-12-01,3.01,2.89,0.773
365,2024-12-01,2.81,2.83,0.73
365,2025-12-01,2.98,3.1,0.763
366,2023-12-01,3.9,3.73,0.744
366,2024-12-01,3.63,3.58,0.749
366,2025-12-01,3.3,3.4,0.66
367,2024-12-01,2.94,3.03,0.765
367,2025-12-01,2.82,2.97,0.683
368,2023-12-01,4.14,4.15,0.808
368,2024-12-01,3.78,3.54,0.748
369,2022-12-01,3.15,3.0,0.65
369,2023-12-01,2.82,2.98,0.71
369,2024-12-01,3.12,3.09,0.755
369,2025-12-01,3.33,3.3,0.639
370,2023-12-01,3.93,4.02,0.827
370,2024-12-01,4.41,4.39,0.823
370,2025-12-01,4.23,4.22,0.849
371,2023-12-01,3.24,3.32,0.782
371,2024-12-01,3.57,3.53,0.759
371,2025-12-01,3.28,3.28,0.709
372,2023-12-01,2.94,2.78,0.73
373,2022-12-01,2.5,2.49,0.658
373,2023-12-01,2.92,2.83,0.7
373,2024-12-01,2.56,2.64,0.773
373,2025-12-01,2.87,2.81,0.627
374,2022-12-01,2.91,2.96,0.611
374,2023-12-01,2.63,2.56,0.744
374,2024-12-01,2.84,2.63,0.648
374,2025-12-01,2.62,2.46,0.598
375,2022-12-01,2.65,2.56,0.674
375,2023-12-01,2.56,2.74,0.656
375,2024-12-01,2.56,2.63,0.767
375,2025-12-01,2.58,2.88,0.653
376,2024-12-01,3.74,3.98,0.797
376,2025-12-01,3.67,3.86,0.71
377,2022-12-01,3.89,3.84,0.829
377,2023-12-01,3.97,3.74,0.779
377,2024-12-01,3.9,3.72,0.789
377,2025-12-01,4.11,4.07,0.961
378,2023-12-01,3.09,3.13,0.607
378,2024-12-01,3.27,3.29,0.563
378,2025-12-01,3.19,3.3,0.728
379,2025-12-01,3.19,2.97,0.748
380,2022-12-01,4.32,4.27,0.82
380,2023-12-01,4.46,4.68,0.844
380,2024-12-01,4.88,4.93,0.876
380,2025-12-01,4.67,4.88,0.868
381,2023-12-01,3.04,2.94,0.695
381,2024-12-01,3.03,2.83,0.791
381,2025-12-01,2.98,3.21,0.681
382,2024-12-01,3.45,3.33,0.711
382,2025-12-01,3.64,3.47,0.716
383,2025-12-01,3.72,3.64,0.763
384,2024-12-01,3.27,3.44,0.736
384,2025-12-01,3.25,3.33,0.725
385,2024-12-01,2.96,2.8,0.613
385,2025-12-01,3.03,2.94,0.691
386,2024-12-01,2.81,3.0,0.593
386,2025-12-01,2.97,2.95,0.665
387,2023-12-01,3.06,2.98,0.712
387,2024-12-01,3.1,3.1,0.672
387,2025-12-01,3.35,3.37,0.766
388,2024-12-01,3.22,3.04,0.8
388,2025-12-01,3.63,3.61,0.823
389,2022-12-01,3.03,3.05,0.707
389,2023-12-01,3.07,3.22,0.725
389,2024-12-01,3.04,2.85,0.713
389,2025-12-01,3.01,3.08,0.674
390,2025-12-01,4.12,4.32,0.842
391,2023-12-01,2.78,2.81,0.658
391,2024-12-01,3.07,3.21,0.721
391,2025-12-01,3.09,3.07,0.639
392,2023-12-01,3.16,2.97,0.687
392,2024-12-01,3.1,3.11,0.694
392,2025-12-01,3.2,3.16,0.67
393,2022-12-01,2.57,2.35,0.59
393,2023-12-01,2.62,2.46,0.599
393,2024-12-01,2.61,2.65,0.658
393,2025-12-01,2.52,2.44,0.524
394,2024-12-01,3.1,3.05,0.757
394,2025-12-01,3.03,3.2,0.801
395,2022-12-01,2.43,2.4,0.617
395,2023-12-01,2.52,2.33,0.616
395,2024-12-01,2.67,2.73,0.71
395,2025-12-01,2.56,2.65,0.608
396,2025-12-01,4.14,3.93,0.821
397,2024-12-01,3.34,3.28,0.784
398,2022-12-01,4.27,4.14,0.951
398,2023-12-01,4.55,4.48,0.964
398,2024-12-01,4.15,4.25,0.89
398,2025-12-01,3.72,3.56,0.771
399,2024-12-01,4.01,3.98,0.723
399,2025-12-01,3.93,4.07,0.827
400,2024-12-01,3.27,3.33,0.671
400,2025-12-01,2.97,3.11,0.679
401,2024-12-01,3.7,3.58,0.747
401,2025-12-01,3.6,3.59,0.775
402,2023-12-01,3.21,3.38,0.596
402,2024-12-01,3.15,3.42,0.688
402,2025-12-01,3.24,3.28,0.707
403,2022-12-01,3.15,3.18,0.756
403,2023-12-01,3.31,3.77,0.825
403,2024-12-01,3.38,3.36,0.822
403,2025-12-01,3.36,3.47,0.675
404,2022-12-01,3.63,3.44,0.727
404,2023-12-01,3.54,3.71,0.727
404,2024-12-01,3.47,3.64,0.767
404,2025-12-01,3.42,3.49,0.705
405,2022-12-01,3.63,3.55,0.716
405,2023-12-01,3.06,3.18,0.706
405,2024-12-01,3.15,3.15,0.672
405,2025-12-01,3.14,3.31,0.747
406,2025-12-01,2.99,3.4,0.671
407,2022-12-01,3.22,3.48,0.707
407,2023-12-01,3.42,3.2,0.697
407,2024-12-01,3.47,3.6,0.677
407,2025-12-01,3.64,3.61,0.767
408,2024-12-01,2.8,2.93,0.672
408,2025-12-01,2.88,3.0,0.713
409,2023-12-01,3.1,3.24,0.673
409,2024-12-01,2.7,2.63,0.562
409,2025-12-01,3.08,3.22,0.589
410,2023-12-01,2.62,2.63,0.637
410,2024-12-01,2.42,2.28,0.604
410,2025-12-01,2.29,2.26,0.616
411,2024-12-01,2.66,2.67,0.667
412,2025-12-01,3.09,3.25,0.677
413,2023-12-01,2.34,2.22,0.697
413,2024-12-01,2.18,2.2,0.694
413,2025-12-01,2.77,2.73,0.746
414,2023-12-01,3.95,3.81,0.709
414,2024-12-01,4.1,3.92,0.739
414,2025-12-01,3.82,4.19,0.689
415,2023-12-01,3.43,3.27,0.594
415,2024-12-01,3.35,3.3,0.664
415,2025-12-01,3.24,3.17,0.761
416,2022-12-01,2.44,2.46,0.719
416,2023-12-01,2.32,2.46,0.592
416,2024-12-01,2.45,2.6,0.655
416,2025-12-01,2.51,2.3,0.626
417,2022-12-01,4.36,4.54,0.777
417,2023-12-01,4.59,4.52,0.846
417,2024-12-01,4.2,4.39,0.798
417,2025-12-01,4.18,4.13,0.833
418,2023-12-01,4.19,3.91,0.747
418,2024-12-01,3.87,4.03,0.783
418,2025-12-01,4.21,4.47,0.805
419,2023-12-01,3.34,3.39,0.716
419,2024-12-01,3.24,3.2,0.743
419,2025-12-01,3.53,3.41,0.627
420,2024-12-01,3.09,3.09,0.673
420,2025-12-01,2.69,2.72,0.633
421,2023-12-01,3.38,3.17,0.663
421,2024-12-01,3.85,3.99,0.726
421,2025-12-01,3.59,3.68,0.65
422,2023-12-01,3.11,3.12,0.641
422,2024-12-01,3.11,3.28,0.746
422,2025-12-01,2.76,2.68,0.743
423,2023-12-01,2.86,2.84,0.711
423,2024-12-01,2.71,2.53,0.563
423,2025-12-01,2.87,2.96,0.591
424,2024-12-01,3.66,3.72,0.638
424,2025-12-01,3.69,3.5,0.739
425,2025-12-01,3.26,3.57,0.724
426,2023-12-01,2.82,2.92,0.647
426,2024-12-01,3.0,3.09,0.508
426,2025-12-01,2.96,2.87,0.764
427,2024-12-01,2.8,2.86,0.757
427,2025-12-01,3.24,3.33,0.832
428,2022-12-01,2.99,2.67,0.689
428,2023-12-01,2.78,2.6,0.797
428,2024-12-01,3.06,2.83,0.697
428,2025-12-01,2.98,3.07,0.733
429,2023-12-01,3.23,3.07,0.609
429,2024-12-01,2.7,2.58,0.602
429,2025-12-01,2.75,2.68,0.664
430,2023-12-01,2.64,2.55,0.648
430,2024-12-01,2.42,2.32,0.642
430,2025-12-01,2.25,2.3,0.593
431,2023-12-01,3.08,2.95,0.72
431,2024-12-01,2.87,2.75,0.738
431,2025-12-01,2.99,3.11,0.766
432,2024-12-01,3.03,3.16,0.647
432,2025-12-01,3.15,3.14,0.672
433,2025-12-01,2.74,2.75,0.755
434,2022-12-01,2.69,2.62,0.588
434,2023-12-01,2.72,2.57,0.567
434,2024-12-01,2.69,2.7,0.646
434,2025-12-01,2.81,2.73,0.601
436,2023-12-01,2.93,2.85,0.734
436,2024-12-01,3.36,3.33,0.812
436,2025-12-01,3.18,3.05,0.754
437,2022-12-01,2.69,2.86,0.697
437,2023-12-01,2.6,2.74,0.631
437,2024-12-01,2.65,2.64,0.632
437,2025-12-01,3.09,3.18,0.622
438,2022-12-01,3.05,3.15,0.675
438,2023-12-01,3.2,3.29,0.764
438,2024-12-01,3.87,4.0,0.801
438,2025-12-01,3.07,3.13,0.832
439,2022-12-01,3.23,3.04,0.774
439,2023-12-01,2.77,3.04,0.66
439,2024-12-01,2.76,2.9,0.762
439,2025-12-01,3.18,3.17,0.697
440,2022-12-01,3.65,3.53,0.891
440,2023-12-01,3.76,3.94,0.734
440,2024-12-01,3.85,3.97,0.775
440,2025-12-01,3.97,3.74,0.937
441,2022-12-01,3.81,3.68,0.802
441,2023-12-01,3.9,3.87,0.803
441,2024-12-01,3.46,3.45,0.853
441,2025-12-01,3.79,3.75,0.852
442,2022-12-01,3.01,3.04,0.625
442,2023-12-01,2.95,3.03,0.676
442,2024-12-01,2.92,2.64,0.62
442,2025-12-01,3.03,3.15,0.811
443,2023-12-01,3.25,3.27,0.54
443,2024-12-01,2.72,2.78,0.583
443,2025-12-01,2.86,2.79,0.764
444,2024-12-01,4.04,3.93,0.813
444,2025-12-01,4.22,4.22,0.813
445,2023-12-01,2.14,1.89,0.618
445,2024-12-01,2.15,2.34,0.541
445,2025-12-01,2.17,2.36,0.561
446,2025-12-01,3.74,3.89,0.77
447,2023-12-01,3.39,3.23,0.814
447,2024-12-01,3.24,3.3,0.698
447,2025-12-01,3.71,3.86,0.736
448,2024-12-01,2.55,2.48,0.643
448,2025-12-01,2.84,2.73,0.694
450,2024-12-01,2.37,2.46,0.615
450,2025-12-01,2.53,2.18,0.687
452,2024-12-01,2.72,2.74,0.691
452,2025-12-01,2.96,2.98,0.781
453,2022-12-01,4.36,4.41,0.856
453,2023-12-01,3.88,3.64,0.731
453,2024-12-01,4.0,3.97,0.852
453,2025-12-01,3.94,4.11,0.895
454,2022-12-01,3.45,3.78,0.747
454,2023-12-01,3.18,3.24,0.753
454,2024-12-01,3.21,3.13,0.802
454,2025-12-01,3.39,3.52,0.747
455,2023-12-01,3.35,3.22,0.653
455,2024-12-01,3.09,2.99,0.712
455,2025-12-01,2.75,2.66,0.686
456,2023-12-01,2.73,2.68,0.687
456,2024-12-01,3.26,3.32,0.721
456,2025-12-01,2.76,2.59,0.674
457,2022-12-01,3.48,3.59,0.709
457,2023-12-01,3.66,3.67,0.696
457,2024-12-01,3.47,3.34,0.621
457,2025-12-01,3.92,3.97,0.711
458,2025-12-01,3.13,3.17,0.797
459,2024-12-01,2.87,2.71,0.554
459,2025-12-01,2.55,2.64,0.757
460,2023-12-01,3.79,3.77,0.774
460,2024-12-01,3.72,3.66,0.802
460,2025-12-01,3.47,3.28,0.823
461,2025-12-01,2.43,2.45,0.624
462,2023-12-01,3.12,3.03,0.747
463,2025-12-01,3.69,3.66,0.844
464,2023-12-01,3.5,3.63,0.854
464,2024-12-01,3.89,3.86,0.837
464,2025-12-01,4.0,4.03,0.804
465,2022-12-01,3.83,3.67,0.836
465,2023-12-01,4.0,3.92,0.77
465,2024-12-01,3.64,3.81,0.679
465,2025-12-01,3.67,3.47,0.737
466,2024-12-01,2.99,2.92,0.692
466,2025-12-01,3.15,3.07,0.758
467,2024-12-01,2.94,2.72,0.659
467,2025-12-01,2.93,2.75,0.737
468,2024-12-01,3.89,3.87,0.897
468,2025-12-01,3.47,3.62,0.818
469,2025-12-01,3.43,3.53,0.739
470,2024-12-01,3.56,3.72,0.755
470,2025-12-01,3.98,4.02,0.733
471,2023-12-01,2.98,2.85,0.737
471,2024-12-01,3.12,3.19,0.668
471,2025-12-01,3.1,3.1,0.649
472,2025-12-01,3.91,3.69,0.87
473,2024-12-01,2.67,2.57,0.702
473,2025-12-01,2.44,2.37,0.64
474,2023-12-01,3.06,3.25,0.719
474,2024-12-01,3.13,3.04,0.754
474,2025-12-01,3.3,3.14,0.646
475,2025-12-01,2.94,2.8,0.693
476,2022-12-01,3.79,3.66,0.76
476,2023-12-01,3.84,3.71,0.748
476,2024-12-01,3.69,3.68,0.807
476,2025-12-01,3.73,3.78,0.83
477,2024-12-01,2.77,2.75,0.67
477,2025-12-01,3.09,3.31,0.741
478,2025-12-01,2.64,2.79,0.74
479,2024-12-01,2.4,2.26,0.559
479,2025-12-01,2.45,2.5,0.65
480,2024-12-01,2.53,2.39,0.721
480,2025-12-01,2.43,2.4,0.716
481,2024-12-01,3.75,3.85,0.714
481,2025-12-01,3.45,3.55,0.53
482,2023-12-01,3.03,3.14,0.642
482,2024-12-01,3.08,3.07,0.712
482,2025-12-01,3.36,3.51,0.695
483,2025-12-01,3.57,3.59,0.759
484,2022-12-01,2.71,2.71,0.671
484,2023-12-01,2.56,2.66,0.74
484,2024-12-01,2.59,2.37,0.726
484,2025-12-01,2.73,2.87,0.698
485,2022-12-01,4.32,4.79,0.853
485,2023-12-01,3.62,3.53,0.946
486,2022-12-01,3.28,3.02,0.568
486,2023-12-01,2.93,3.05,0.639
486,2024-12-01,3.02,2.83,0.673
486,2025-12-01,2.99,2.94,0.535
487,2023-12-01,2.77,2.87,0.697
487,2024-12-01,2.78,2.59,0.575
487,2025-12-01,2.44,2.06,0.623
488,2023-12-01,2.16,2.09,0.526
488,2024-12-01,1.91,2.07,0.516
488,2025-12-01,2.01,1.81,0.541
489,2024-12-01,3.45,3.49,0.75
489,2025-12-01,3.6,3.42,0.867
490,2023-12-01,3.22,2.97,0.626
490,2024-12-01,2.87,2.74,0.648
490,2025-12-01,2.9,2.98,0.671
491,2023-12-01,2.71,2.7,0.704
491,2024-12-01,2.5,2.45,0.511
491,2025-12-01,2.59,2.67,0.592
492,2022-12-01,2.72,2.7,0.641
493,2023-12-01,3.52,3.57,0.746
493,2024-12-01,3.03,3.25,0.752
493,2025-12-01,3.41,3.52,0.742
495,2022-12-01,2.9,2.99,0.677
495,2023-12-01,2.69,2.97,0.66
495,2024-12-01,2.92,2.87,0.725
495,2025-12-01,2.79,2.81,0.634
496,2022-12-01,3.61,3.8,0.746
496,2023-12-01,3.24,3.42,0.749
496,2024-12-01,3.49,3.49,0.738
496,2025-12-01,3.39,3.48,0.731
497,2022-12-01,2.35,2.83,0.705
497,2023-12-01,2.56,2.73,0.609
497,2024-12-01,2.23,2.36,0.667
497,2025-12-01,2.39,2.3,0.761
499,2023-12-01,3.02,2.84,0.638
499,2024-12-01,2.55,2.55,0.723
499,2025-12-01,3.08,3.01,0.626
500,2022-12-01,2.39,2.3,0.572
500,2023-12-01,2.4,2.43,0.572
500,2024-12-01,2.64,2.55,0.61
500,2025-12-01,2.4,2.2,0.653
501,2024-12-01,2.89,2.86,0.585
501,2025-12-01,2.3,2.35,0.604
502,2025-12-01,3.41,3.37,0.681
503,2023-12-01,3.65,3.69,0.655
503,2024-12-01,3.49,3.51,0.725
503,2025-12-01,3.49,3.62,0.754
504,2025-12-01,3.06,3.14,0.621
505,2023-12-01,2.9,3.15,0.64
505,2024-12-01,3.39,3.17,0.587
505,2025-12-01,2.92,2.92,0.597
506,2023-12-01,3.43,3.66,0.764
506,2024-12-01,3.93,3.91,0.724
506,2025-12-01,3.85,3.73,0.726
507,2025-12-01,3.84,3.73,0.751
508,2022-12-01,3.09,3.02,0.783
508,2023-12-01,3.08,3.06,0.674
508,2024-12-01,3.27,3.24,0.698
508,2025-12-01,3.41,3.45,0.765
509,2025-12-01,3.08,2.98,0.655
510,2022-12-01,2.75,2.58,0.734
510,2023-12-01,2.69,2.96,0.675
510,2024-12-01,2.7,2.8,0.691
510,2025-12-01,2.78,2.68,0.662
511,2023-12-01,2.85,2.87,0.685
511,2024-12-01,2.98,2.9,0.754
511,2025-12-01,2.84,2.71,0.631
512,2022-12-01,2.73,2.8,0.567
512,2023-12-01,2.82,2.71,0.625
512,2024-12-01,3.08,3.12,0.75
512,2025-12-01,2.71,2.72,0.623
513,2024-12-01,3.22,3.27,0.756
513,2025-12-01,3.07,3.04,0.751
514,2023-12-01,2.67,2.7,0.695
514,2024-12-01,2.72,2.68,0.755
514,2025-12-01,2.5,2.64,0.66
515,2024-12-01,2.66,2.78,0.701
515,2025-12-01,2.49,2.4,0.737
516,2023-12-01,2.8,3.0,0.593
516,2024-12-01,2.46,2.38,0.573
516,2025-12-01,2.14,2.14,0.494
517,2023-12-01,3.89,3.78,0.774
517,2024-12-01,3.35,3.51,0.693
517,2025-12-01,3.61,3.44,0.754
518,2022-12-01,3.66,3.54,0.846
518,2023-12-01,3.94,3.92,0.795
518,2024-12-01,3.48,3.49,0.877
518,2025-12-01,3.38,3.23,0.816
519,2023-12-01,3.65,3.56,0.711
519,2024-12-01,3.59,3.52,0.66
519,2025-12-01,3.43,3.6,0.762
520,2025-12-01,4.13,3.86,0.737
521,2023-12-01,3.18,3.14,0.743
521,2024-12-01,3.21,2.96,0.699
521,2025-12-01,2.99,2.84,0.712
522,2024-12-01,3.23,3.28,0.689
522,2025-12-01,3.52,3.45,0.749
523,2025-12-01,2.63,2.42,0.702
524,2023-12-01,4.33,4.19,0.819
524,2024-12-01,4.3,4.22,0.773
524,2025-12-01,4.36,4.28,0.855
525,2024-12-01,2.37,2.23,0.61
525,2025-12-01,2.35,2.59,0.595
526,2022-12-01,3.13,3.14,0.755
527,2022-12-01,3.73,3.74,0.646
527,2023-12-01,3.39,3.44,0.682
527,2024-12-01,3.56,3.62,0.724
527,2025-12-01,3.45,3.4,0.83
529,2023-12-01,2.62,2.58,0.685
529,2024-12-01,2.72,2.77,0.635
529,2025-12-01,2.53,2.49,0.689
530,2023-12-01,3.31,3.35,0.753
530,2024-12-01,3.27,3.09,0.802
530,2025-12-01,3.15,3.29,0.724
531,2023-12-01,2.91,3.08,0.695
532,2023-12-01,2.21,2.06,0.644
532,2024-12-01,2.12,1.93,0.671
532,2025-12-01,2.29,2.33,0.597
533,2023-12-01,3.24,3.06,0.604
533,2024-12-01,3.25,3.19,0.684
533,2025-12-01,3.29,3.25,0.681
534,2024-12-01,2.85,3.01,0.625
534,2025-12-01,2.58,2.78,0.62
535,2024-12-01,3.91,3.8,0.754
535,2025-12-01,4.01,3.95,0.892
536,2022-12-01,3.29,3.03,0.751
536,2023-12-01,3.06,3.13,0.666
536,2024-12-01,3.52,3.33,0.772
536,2025-12-01,3.66,3.45,0.728
537,2022-12-01,2.88,2.73,0.753
538,2024-12-01,3.21,3.09,0.769
538,2025-12-01,3.61,3.55,0.726
539,2023-12-01,3.81,3.58,0.859
539,2024-12-01,3.66,3.74,0.768
539,2025-12-01,3.67,3.61,0.737
541,2023-12-01,3.23,3.09,0.751
541,2024-12-01,3.52,3.35,0.763
541,2025-12-01,3.62,3.72,0.78
542,2023-12-01,4.26,4.05,0.804
542,2024-12-01,4.11,4.36,0.869
542,2025-12-01,4.33,4.28,0.785
543,2022-12-01,2.87,2.99,0.656
543,2023-12-01,2.55,2.32,0.682
543,2024-12-01,2.13,2.01,0.61
544,2022-12-01,3.82,3.83,0.803
544,2023-12-01,3.6,3.71,0.856
544,2024-12-01,3.51,3.62,0.879
544,2025-12-01,3.22,3.21,0.76
545,2023-12-01,3.53,3.38,0.656
545,2024-12-01,3.32,3.1,0.643
545,2025-12-01,3.64,3.71,0.707
546,2023-12-01,2.95,3.06,0.631
546,2024-12-01,2.93,2.85,0.842
546,2025-12-01,3.09,3.3,0.828
547,2024-12-01,4.05,4.33,0.817
547,2025-12-01,4.38,4.42,0.846
548,2025-12-01,3.46,3.38,0.865
549,2023-12-01,2.71,2.88,0.746
549,2024-12-01,2.78,2.6,0.65
549,2025-12-01,2.79,2.82,0.628
550,2024-12-01,3.56,3.56,0.707
550,2025-12-01,3.9,3.71,0.874
551,2022-12-01,2.87,3.24,0.73
551,2023-12-01,3.07,2.98,0.689
551,2024-12-01,2.92,3.0,0.724
551,2025-12-01,2.7,2.7,0.714
552,2023-12-01,2.51,2.53,0.606
552,2024-12-01,2.69,2.76,0.72
552,2025-12-01,2.55,2.61,0.61
553,2024-12-01,2.62,2.64,0.597
553,2025-12-01,3.2,3.04,0.613
554,2023-12-01,3.94,3.82,0.801
554,2024-12-01,4.23,4.44,0.851
554,2025-12-01,4.21,4.27,0.845
555,2023-12-01,3.68,3.88,0.838
555,2024-12-01,4.0,3.99,0.765
555,2025-12-01,4.0,4.3,0.824
556,2022-12-01,2.79,2.94,0.606
556,2023-12-01,2.98,3.21,0.639
556,2024-12-01,3.01,2.92,0.631
556,2025-12-01,2.97,2.96,0.679
557,2023-12-01,3.66,3.63,0.752
557,2024-12-01,3.58,3.41,0.778
557,2025-12-01,3.71,4.01,0.717
559,2025-12-01,2.87,2.74,0.728
560,2024-12-01,2.57,2.53,0.579
560,2025-12-01,2.85,2.63,0.715
561,2024-12-01,3.54,3.27,0.773
561,2025-12-01,2.81,2.64,0.791
562,2023-12-01,3.26,3.06,0.638
562,2024-12-01,3.42,3.22,0.65
562,2025-12-01,3.22,3.06,0.704
563,2023-12-01,2.19,2.26,0.681
563,2024-12-01,2.15,1.85,0.571
563,2025-12-01,2.49,2.43,0.59
564,2022-12-01,3.04,3.0,0.752
564,2023-12-01,2.71,3.01,0.643
564,2024-12-01,2.52,2.36,0.611
564,2025-12-01,2.78,2.55,0.652
565,2023-12-01,3.5,3.42,0.799
565,2024-12-01,3.67,3.6,0.774
565,2025-12-01,3.7,3.72,0.793
566,2023-12-01,3.38,3.56,0.837
566,2024-12-01,3.17,3.08,0.701
566,2025-12-01,3.24,3.2,0.756
567,2025-12-01,3.2,3.51,0.725
568,2023-12-01,3.27,3.23,0.594
568,2024-12-01,3.22,3.32,0.679
568,2025-12-01,3.1,3.23,0.757
569,2023-12-01,3.14,3.0,0.774
570,2023-12-01,3.53,3.63,0.698
570,2024-12-01,3.44,3.28,0.663
570,2025-12-01,3.58,3.51,0.728
571,2024-12-01,3.64,3.81,0.779
571,2025-12-01,3.56,3.51,0.64
572,2024-12-01,3.89,3.77,0.783
572,2025-12-01,3.88,3.8,0.864
573,2022-12-01,2.64,2.55,0.558
573,2023-12-01,2.49,2.65,0.682
573,2024-12-01,1.38,1.23,0.576
574,2023-12-01,3.1,2.97,0.842
574,2024-12-01,3.41,3.15,0.72
575,2024-12-01,3.2,3.14,0.712
575,2025-12-01,2.72,2.87,0.706
576,2023-12-01,2.89,2.97,0.684
576,2024-12-01,2.78,2.68,0.79
576,2025-12-01,2.7,2.78,0.724
577,2022-12-01,2.55,2.47,0.592
578,2024-12-01,3.03,3.24,0.668
578,2025-12-01,2.9,2.74,0.612
579,2024-12-01,3.12,3.1,0.628
579,2025-12-01,2.79,2.63,0.692
580,2022-12-01,2.83,2.85,0.681
580,2023-12-01,2.71,2.56,0.611
580,2024-12-01,2.7,2.93,0.655
580,2025-12-01,2.55,2.79,0.514
581,2024-12-01,2.32,2.42,0.493
581,2025-12-01,1.6,1.96,0.562
582,2024-12-01,2.08,2.2,0.532
582,2025-12-01,2.29,2.34,0.602
583,2023-12-01,3.05,2.95,0.695
583,2024-12-01,2.99,2.6,0.783
583,2025-12-01,3.28,3.36,0.681
584,2025-12-01,3.16,3.28,0.611
585,2024-12-01,3.67,3.82,0.747
585,2025-12-01,3.49,3.22,0.743
586,2024-12-01,3.19,3.33,0.742
586,2025-12-01,3.64,3.65,0.733
587,2024-12-01,2.91,2.73,0.703
587,2025-12-01,3.21,3.28,0.793
588,2022-12-01,3.3,3.11,0.674
588,2023-12-01,3.08,3.15,0.583
588,2024-12-01,3.21,3.14,0.777
588,2025-12-01,3.14,2.94,0.719
589,2022-12-01,3.4,3.41,0.757
589,2023-12-01,2.7,2.77,0.683
589,2024-12-01,2.89,2.86,0.719
589,2025-12-01,3.29,3.41,0.773
591,2022-12-01,2.81,2.83,0.638
591,2023-12-01,2.63,2.5,0.602
591,2024-12-01,2.8,2.69,0.691
591,2025-12-01,2.91,3.11,0.689
592,2023-12-01,3.69,3.58,0.762
592,2024-12-01,3.96,3.86,0.815
592,2025-12-01,3.97,3.78,0.823
593,2025-12-01,2.82,2.92,0.646
594,2024-12-01,3.28,3.16,0.634
594,2025-12-01,3.29,3.36,0.609
595,2024-12-01,3.41,3.19,0.75
595,2025-12-01,3.8,3.91,0.699
596,2025-12-01,2.69,2.32,0.68
597,2024-12-01,3.56,3.58,0.768
597,2025-12-01,3.27,3.23,0.752
598,2023-12-01,3.53,3.63,0.829
598,2024-12-01,3.5,3.58,0.703
598,2025-12-01,3.48,3.44,0.742
599,2022-12-01,2.8,2.86,0.703
599,2023-12-01,3.3,3.33,0.793
599,2024-12-01,3.07,3.16,0.64
599,2025-12-01,2.94,2.93,0.753
600,2023-12-01,2.93,2.85,0.593
600,2024-12-01,2.86,2.84,0.607
600,2025-12-01,2.66,2.61,0.577
601,2024-12-01,3.43,3.62,0.803
601,2025-12-01,3.07,2.93,0.701
602,2023-12-01,3.04,3.0,0.706
602,2024-12-01,2.91,2.95,0.698
602,2025-12-01,3.16,3.28,0.685
603,2024-12-01,3.44,3.65,0.737
603,2025-12-01,3.22,3.11,0.602
604,2022-12-01,2.82,2.94,0.618
604,2023-12-01,2.73,2.93,0.535
604,2024-12-01,2.95,2.97,0.64
604,2025-12-01,2.7,2.78,0.641
605,2024-12-01,2.66,2.88,0.609
605,2025-12-01,2.54,2.57,0.673
606,2024-12-01,3.69,3.59,0.793
606,2025-12-01,3.71,3.52,0.769
607,2024-12-01,3.43,3.54,0.678
607,2025-12-01,3.24,3.38,0.705
608,2025-12-01,3.04,2.92,0.69
609,2024-12-01,3.51,3.35,0.716
609,2025-12-01,3.52,3.22,0.775
610,2025-12-01,2.71,2.83,0.814
611,2025-12-01,2.62,2.6,0.726
612,2024-12-01,3.7,3.68,0.762
612,2025-12-01,3.72,3.98,0.79
613,2024-12-01,3.64,3.7,0.673
613,2025-12-01,3.64,3.7,0.694
614,2022-12-01,3.04,3.1,0.7
614,2023-12-01,3.19,3.04,0.669
614,2024-12-01,3.08,3.25,0.744
614,2025-12-01,2.92,3.22,0.611
615,2023-12-01,3.71,3.8,0.873
615,2024-12-01,4.1,4.28,0.918
615,2025-12-01,3.53,3.64,0.896
616,2023-12-01,4.98,5.0,0.838
616,2024-12-01,5.0,4.76,0.804
616,2025-12-01,5.0,5.0,0.801
617,2022-12-01,3.78,3.77,0.762
617,2023-12-01,3.37,3.27,0.786
617,2024-12-01,4.04,3.99,0.771
617,2025-12-01,3.77,3.76,0.77
618,2022-12-01,2.29,2.32,0.637
618,2023-12-01,2.23,2.2,0.608
618,2024-12-01,1.98,1.9,0.516
618,2025-12-01,2.49,2.5,0.584
619,2025-12-01,2.52,2.42,0.725
620,2025-12-01,3.56,3.3,0.739
622,2023-12-01,3.5,3.44,0.688
622,2024-12-01,3.35,3.6,0.762
622,2025-12-01,3.46,3.55,0.681
624,2022-12-01,3.7,3.45,0.854
624,2023-12-01,3.62,3.42,0.817
624,2024-12-01,3.34,3.38,0.733
624,2025-12-01,3.5,3.49,0.797
625,2022-12-01,3.21,3.46,0.832
625,2023-12-01,3.51,3.57,0.901
625,2024-12-01,3.12,3.22,0.755
625,2025-12-01,3.16,3.29,0.781
626,2022-12-01,3.57,3.64,0.819
626,2023-12-01,3.53,3.6,0.778
626,2024-12-01,3.94,3.86,0.901
626,2025-12-01,3.95,4.0,0.788
627,2022-12-01,4.57,4.69,0.963
627,2023-12-01,4.04,4.07,0.83
627,2024-12-01,4.58,4.52,0.845
627,2025-12-01,4.5,4.47,0.902
628,2025-12-01,2.88,2.86,0.686
629,2024-12-01,3.66,3.48,0.745
629,2025-12-01,3.21,3.05,0.748
630,2022-12-01,3.02,2.71,0.673
630,2023-12-01,2.8,2.94,0.67
630,2024-12-01,2.96,2.8,0.684
630,2025-12-01,2.92,2.94,0.575
631,2022-12-01,3.38,3.25,0.741
631,2023-12-01,3.51,3.31,0.794
631,2024-12-01,4.01,4.34,0.808
631,2025-12-01,3.29,3.18,0.741
632,2023-12-01,2.66,2.33,0.588
632,2024-12-01,1.52,1.61,0.584
633,2022-12-01,3.47,3.22,0.744
633,2023-12-01,3.44,3.4,0.767
633,2024-12-01,3.5,3.39,0.841
633,2025-12-01,3.4,3.2,0.686
634,2025-12-01,3.12,2.86,0.701
635,2023-12-01,3.22,3.21,0.694
635,2024-12-01,3.13,3.11,0.676
635,2025-12-01,3.04,3.16,0.614
636,2023-12-01,3.54,3.35,0.711
636,2024-12-01,3.67,3.83,0.791
636,2025-12-01,3.88,3.57,0.645
637,2023-12-01,3.7,3.47,0.842
637,2024-12-01,3.47,3.64,0.76
637,2025-12-01,3.51,3.5,0.803
639,2024-12-01,3.08,3.14,0.727
639,2025-12-01,3.33,3.27,0.682
640,2024-12-01,3.13,3.14,0.728
640,2025-12-01,3.22,3.31,0.674
641,2024-12-01,4.09,4.02,0.742
641,2025-12-01,3.92,3.74,0.787
642,2022-12-01,3.14,3.07,0.723
642,2023-12-01,3.56,3.33,0.758
642,2024-12-01,3.14,3.07,0.847
642,2025-12-01,3.28,3.38,0.617
643,2023-12-01,3.07,3.25,0.712
643,2024-12-01,3.3,3.07,0.654
643,2025-12-01,3.1,2.94,0.777
644,2023-12-01,3.55,3.36,0.711
644,2024-12-01,3.64,3.5,0.681
645,2025-12-01,3.2,3.26,0.773
646,2023-12-01,3.16,2.99,0.601
646,2024-12-01,3.11,2.92,0.683
646,2025-12-01,3.03,3.12,0.721
647,2023-12-01,2.71,2.93,0.724
648,2024-12-01,3.03,2.92,0.694
648,2025-12-01,3.07,2.77,0.715
649,2024-12-01,3.83,3.93,0.754
649,2025-12-01,3.34,3.61,0.821
650,2023-12-01,3.19,3.39,0.747
650,2024-12-01,3.04,2.94,0.662
650,2025-12-01,2.92,2.79,0.56
651,2023-12-01,2.69,2.79,0.751
651,2024-12-01,3.02,3.01,0.854
651,2025-12-01,3.06,2.98,0.643
652,2023-12-01,3.3,3.35,0.763
652,2024-12-01,3.73,3.86,0.805
652,2025-12-01,3.28,3.47,0.681
653,2025-12-01,2.83,2.83,0.683
654,2023-12-01,2.8,2.93,0.657
654,2024-12-01,2.92,2.78,0.703
654,2025-12-01,2.7,2.73,0.717
655,2025-12-01,2.99,2.85,0.658
656,2023-12-01,3.47,3.29,0.721
656,2024-12-01,3.59,3.57,0.815
656,2025-12-01,3.55,3.36,0.802
657,2025-12-01,2.82,2.82,0.716
658,2024-12-01,2.45,2.35,0.683
658,2025-12-01,2.44,2.49,0.779
659,2023-12-01,2.72,2.5,0.659
659,2024-12-01,2.81,2.72,0.706
659,2025-12-01,2.83,2.6,0.629
660,2025-12-01,3.44,3.72,0.694
661,2022-12-01,4.04,3.97,0.926
661,2023-12-01,4.05,3.98,0.776
661,2024-12-01,4.27,4.29,0.854
661,2025-12-01,3.82,3.57,0.881
662,2025-12-01,3.51,3.64,0.77
664,2022-12-01,3.52,3.43,0.777
664,2023-12-01,3.42,3.53,0.75
664,2024-12-01,3.65,3.8,0.799
664,2025-12-01,3.47,3.24,0.732
665,2024-12-01,2.74,2.65,0.616
665,2025-12-01,2.81,2.79,0.602
666,2025-12-01,3.18,3.07,0.739
667,2022-12-01,2.69,2.66,0.674
667,2023-12-01,2.87,2.88,0.78
667,2024-12-01,2.73,2.77,0.721
667,2025-12-01,3.39,3.44,0.801
668,2023-12-01,2.41,2.48,0.645
668,2024-12-01,2.41,2.48,0.551
668,2025-12-01,2.52,2.44,0.58
669,2024-12-01,4.26,4.03,0.675
669,2025-12-01,4.22,4.44,0.753
670,2024-12-01,3.57,3.8,0.79
670,2025-12-01,3.66,3.56,0.763
671,2023-12-01,2.94,3.12,0.684
671,2024-12-01,2.88,2.98,0.704
671,2025-12-01,2.66,2.89,0.659
672,2022-12-01,4.14,4.24,0.822
672,2023-12-01,4.3,4.15,0.787
672,2024-12-01,4.34,4.49,0.896
672,2025-12-01,4.41,4.5,0.9
673,2022-12-01,2.81,2.81,0.647
673,2023-12-01,2.6,2.7,0.648
673,2024-12-01,2.9,2.78,0.674
673,2025-12-01,3.13,3.26,0.636
674,2023-12-01,3.69,3.67,0.805
674,2024-12-01,3.67,3.62,0.697
674,2025-12-01,3.56,3.79,0.714
675,2023-12-01,3.43,3.54,0.718
675,2024-12-01,3.64,3.64,0.779
675,2025-12-01,3.61,3.73,0.839
676,2025-12-01,2.72,2.55,0.723
677,2022-12-01,3.46,3.55,0.75
677,2023-12-01,3.43,3.55,0.744
677,2024-12-01,2.89,2.71,0.673
677,2025-12-01,3.51,3.77,0.681
678,2024-12-01,3.31,3.36,0.738
678,2025-12-01,3.47,3.68,0.768
679,2022-12-01,3.31,3.04,0.733
679,2023-12-01,3.62,3.48,0.768
679,2024-12-01,3.5,3.47,0.785
679,2025-12-01,3.75,4.07,0.751
680,2022-12-01,3.06,2.79,0.69
680,2023-12-01,3.55,3.51,0.678
680,2024-12-01,3.07,3.05,0.619
680,2025-12-01,2.99,2.89,0.632
681,2023-12-01,3.36,3.19,0.747
681,2024-12-01,3.64,3.58,0.808
681,2025-12-01,3.02,3.09,0.742
682,2023-12-01,3.43,3.65,0.651
682,2024-12-01,3.37,3.57,0.67
682,2025-12-01,3.43,3.49,0.75
683,2024-12-01,4.23,4.42,0.714
683,2025-12-01,4.01,4.09,0.689
684,2025-12-01,3.55,3.62,0.751
685,2024-12-01,2.99,2.87,0.712
685,2025-12-01,3.43,3.71,0.76
686,2025-12-01,3.0,3.08,0.737
687,2025-12-01,3.19,3.04,0.56
688,2023-12-01,2.96,3.03,0.651
688,2024-12-01,2.66,2.63,0.733
688,2025-12-01,2.78,2.74,0.673
689,2024-12-01,3.68,3.73,0.724
689,2025-12-01,3.74,3.88,0.748
690,2024-12-01,2.38,2.4,0.686
690,2025-12-01,2.76,2.71,0.591
691,2022-12-01,2.85,2.64,0.65
691,2023-12-01,2.9,2.93,0.651
691,2024-12-01,2.92,3.04,0.636
691,2025-12-01,2.84,3.19,0.67
692,2024-12-01,3.6,3.56,0.668
692,2025-12-01,3.66,3.55,0.811
693,2022-12-01,3.33,3.55,0.829
693,2023-12-01,3.62,3.5,0.794
693,2024-12-01,3.81,3.88,0.869
693,2025-12-01,3.56,3.6,0.763
694,2023-12-01,3.02,2.87,0.733
694,2024-12-01,3.09,2.79,0.709
694,2025-12-01,2.84,3.03,0.718
695,2024-12-01,2.5,2.58,0.578
695,2025-12-01,2.23,2.03,0.602
696,2022-12-01,3.12,2.99,0.621
696,2023-12-01,3.13,3.23,0.656
696,2024-12-01,3.26,3.21,0.629
696,2025-12-01,3.27,3.2,0.665
697,2022-12-01,3.33,3.71,0.748
697,2023-12-01,3.02,2.91,0.77
697,2024-12-01,3.2,3.05,0.801
697,2025-12-01,3.35,3.7,0.885
698,2025-12-01,3.28,3.22,0.711
699,2024-12-01,2.3,2.46,0.71
699,2025-12-01,2.41,2.48,0.669
700,2022-12-01,3.43,3.51,0.773
700,2023-12-01,3.41,3.51,0.801
700,2024-12-01,3.36,3.35,0.821
701,2024-12-01,3.42,3.24,0.776
701,2025-12-01,3.16,3.3,0.677
702,2023-12-01,3.06,2.93,0.596
702,2024-12-01,3.24,3.37,0.696
702,2025-12-01,3.15,3.0,0.739
703,2023-12-01,2.68,2.62,0.668
703,2024-12-01,2.87,3.05,0.671
703,2025-12-01,2.53,2.52,0.679
704,2025-12-01,2.76,2.73,0.618
706,2023-12-01,3.12,3.26,0.73
706,2024-12-01,3.31,3.26,0.747
706,2025-12-01,3.38,3.28,0.785
707,2024-12-01,3.52,3.48,0.82
707,2025-12-01,3.26,3.57,0.707
708,2025-12-01,2.92,2.61,0.636
709,2022-12-01,2.7,2.58,0.588
709,2023-12-01,3.05,2.95,0.67
709,2024-12-01,3.13,2.82,0.71
709,2025-12-01,3.09,3.29,0.611
710,2022-12-01,3.39,3.27,0.706
710,2023-12-01,3.51,3.47,0.711
710,2024-12-01,3.43,3.43,0.672
710,2025-12-01,3.29,3.28,0.659
711,2022-12-01,3.62,3.7,0.682
711,2023-12-01,3.55,3.34,0.63
711,2024-12-01,3.7,3.7,0.71
711,2025-12-01,3.6,3.49,0.751
712,2024-12-01,3.53,3.77,0.813
712,2025-12-01,3.03,3.25,0.768
713,2023-12-01,2.74,2.85,0.725
713,2024-12-01,2.74,2.84,0.692
713,2025-12-01,2.92,2.97,0.709
714,2024-12-01,3.82,4.11,0.799
714,2025-12-01,3.7,3.72,0.844
715,2025-12-01,3.23,3.29,0.758
716,2024-12-01,3.79,3.81,0.726
716,2025-12-01,3.35,3.49,0.61
717,2022-12-01,2.32,2.35,0.496
717,2023-12-01,2.47,2.22,0.481
717,2024-12-01,2.4,2.48,0.526
717,2025-12-01,2.37,2.27,0.629
718,2023-12-01,2.71,2.65,0.662
718,2024-12-01,2.66,2.84,0.708
718,2025-12-01,2.76,2.7,0.709
719,2023-12-01,2.81,2.64,0.589
719,2024-12-01,2.97,3.19,0.563
719,2025-12-01,3.04,2.94,0.614
720,2023-12-01,2.42,2.32,0.656
720,2024-12-01,2.27,2.29,0.657
720,2025-12-01,2.25,2.34,0.655
721,2024-12-01,2.6,2.8,0.695
721,2025-12-01,2.97,2.94,0.741
722,2025-12-01,2.83,2.74,0.647
723,2022-12-01,2.63,2.64,0.666
723,2023-12-01,2.76,2.8,0.625
723,2024-12-01,2.93,2.9,0.7
723,2025-12-01,2.99,2.98,0.682
724,2023-12-01,2.72,2.39,0.562
724,2024-12-01,2.22,2.41,0.504
725,2024-12-01,2.96,2.68,0.743
725,2025-12-01,2.91,3.04,0.631
726,2023-12-01,4.29,4.29,0.862
727,2022-12-01,3.59,3.51,0.782
727,2023-12-01,3.75,3.86,0.816
727,2024-12-01,3.76,3.75,0.766
727,2025-12-01,3.54,3.43,0.808
728,2023-12-01,3.46,3.41,0.68
728,2024-12-01,3.49,3.32,0.618
728,2025-12-01,3.48,3.38,0.729
729,2022-12-01,2.7,2.89,0.736
729,2023-12-01,3.12,3.06,0.693
729,2024-12-01,3.32,3.22,0.649
729,2025-12-01,2.87,2.68,0.681
730,2025-12-01,3.43,3.4,0.752
731,2022-12-01,3.12,2.94,0.623
731,2023-12-01,2.78,2.63,0.689
731,2024-12-01,2.95,3.06,0.629
731,2025-12-01,2.96,3.14,0.659
732,2023-12-01,4.19,4.22,0.807
732,2024-12-01,4.01,3.77,0.815
732,2025-12-01,4.18,4.32,0.831
733,2023-12-01,3.65,3.67,0.81
733,2024-12-01,3.5,3.59,0.825
733,2025-12-01,3.28,3.36,0.838
734,2025-12-01,2.75,2.68,0.637
735,2022-12-01,4.0,4.13,0.842
735,2023-12-01,4.17,4.23,0.884
735,2024-12-01,4.3,4.09,0.855
735,2025-12-01,3.95,3.87,0.847
736,2022-12-01,3.31,3.23,0.847
736,2023-12-01,3.23,3.41,0.762
736,2024-12-01,3.43,3.25,0.826
736,2025-12-01,3.63,3.82,0.895
737,2022-12-01,3.46,3.71,0.711
737,2023-12-01,3.45,3.4,0.722
737,2024-12-01,3.63,3.61,0.779
737,2025-12-01,3.42,3.55,0.786
738,2022-12-01,3.95,4.14,0.763
738,2023-12-01,3.94,4.15,0.778
738,2024-12-01,3.76,3.81,0.847
738,2025-12-01,3.7,3.42,0.769
739,2022-12-01,2.46,2.2,0.551
739,2023-12-01,2.52,2.53,0.579
739,2024-12-01,2.38,2.44,0.621
739,2025-12-01,2.44,2.33,0.544
740,2024-12-01,3.37,3.54,0.773
740,2025-12-01,4.06,3.93,0.768
741,2022-12-01,3.72,3.56,0.707
741,2023-12-01,3.53,3.64,0.712
741,2024-12-01,3.89,4.08,0.727
741,2025-12-01,3.61,3.83,0.693
743,2024-12-01,3.66,3.38,0.694
743,2025-12-01,3.5,3.44,0.733
744,2023-12-01,2.2,2.1,0.547
744,2024-12-01,2.07,2.23,0.4
744,2025-12-01,2.32,2.43,0.501
745,2023-12-01,3.16,2.9,0.66
745,2024-12-01,3.01,2.93,0.687
745,2025-12-01,3.38,3.24,0.673
746,2022-12-01,3.46,3.74,0.835
746,2023-12-01,3.51,3.6,0.885
746,2024-12-01,3.53,3.45,0.825
746,2025-12-01,3.94,3.97,0.806
747,2025-12-01,3.44,3.28,0.748
748,2022-12-01,3.74,4.12,0.664
748,2023-12-01,3.81,3.89,0.773
748,2024-12-01,4.19,4.23,0.725
748,2025-12-01,3.84,3.69,0.812
749,2025-12-01,2.36,2.63,0.581
750,2024-12-01,3.3,3.09,0.672
750,2025-12-01,3.08,3.0,0.629
751,2022-12-01,2.58,2.54,0.639
751,2023-12-01,2.86,2.98,0.626
751,2024-12-01,3.08,3.13,0.639
751,2025-12-01,2.72,2.62,0.67
752,2025-12-01,4.01,3.81,0.787
753,2022-12-01,3.38,3.43,0.853
753,2023-12-01,3.55,3.37,0.753
753,2024-12-01,3.64,3.51,0.836
753,2025-12-01,3.35,3.23,0.73
754,2022-12-01,3.35,3.57,0.686
755,2024-12-01,2.43,2.37,0.68
755,2025-12-01,2.55,2.78,0.604
756,2024-12-01,2.9,3.07,0.676
756,2025-12-01,3.12,3.07,0.73
757,2024-12-01,3.1,3.03,0.647
757,2025-12-01,3.3,3.0,0.743
758,2022-12-01,2.85,2.89,0.665
758,2023-12-01,2.98,2.85,0.704
758,2024-12-01,3.19,3.29,0.73
758,2025-12-01,2.84,2.81,0.672
759,2023-12-01,2.52,2.52,0.558
759,2024-12-01,2.73,2.77,0.617
759,2025-12-01,3.16,3.05,0.745
760,2024-12-01,2.78,2.52,0.675
760,2025-12-01,2.66,2.65,0.685
761,2022-12-01,2.26,2.17,0.503
761,2023-12-01,2.24,2.15,0.588
761,2024-12-01,2.61,2.82,0.664
761,2025-12-01,2.16,2.22,0.69
762,2022-12-01,3.65,3.78,0.854
762,2023-12-01,3.72,3.67,0.807
762,2024-12-01,3.82,3.79,0.714
762,2025-12-01,3.7,3.6,0.765
763,2022-12-01,3.7,3.83,0.859
763,2023-12-01,3.69,3.5,0.784
763,2024-12-01,3.81,3.75,0.923
763,2025-12-01,3.39,3.37,0.744
764,2022-12-01,4.59,4.57,0.932
764,2023-12-01,4.76,5.0,0.808
764,2024-12-01,4.62,4.56,0.891
764,2025-12-01,4.57,4.55,1.024
765,2025-12-01,2.92,2.88,0.808
766,2023-12-01,3.66,3.56,0.696
767,2025-12-01,2.68,2.78,0.647
769,2024-12-01,3.38,3.17,0.817
769,2025-12-01,3.96,4.15,0.829
770,2022-12-01,3.57,3.62,0.735
770,2023-12-01,3.37,3.47,0.761
770,2024-12-01,3.21,3.04,0.681
770,2025-12-01,3.31,3.32,0.702
771,2023-12-01,3.07,3.13,0.72
771,2024-12-01,3.43,3.46,0.698
771,2025-12-01,2.88,2.78,0.776
772,2022-12-01,3.09,3.03,0.919
772,2023-12-01,3.09,2.83,0.728
772,2024-12-01,3.09,3.16,0.776
772,2025-12-01,3.08,2.93,0.88
773,2023-12-01,3.28,3.18,0.666
773,2024-12-01,3.13,3.11,0.64
773,2025-12-01,3.05,2.93,0.658
774,2023-12-01,2.88,2.66,0.765
774,2024-12-01,3.0,2.83,0.775
774,2025-12-01,3.11,2.95,0.821
775,2025-12-01,2.72,2.83,0.738
776,2024-12-01,3.89,3.88,0.841
776,2025-12-01,3.93,3.98,0.749
777,2022-12-01,2.28,2.1,0.655
777,2023-12-01,2.09,1.95,0.644
777,2024-12-01,2.35,2.34,0.635
777,2025-12-01,2.26,2.39,0.681
778,2022-12-01,3.38,3.33,0.749
778,2023-12-01,3.48,3.65,0.828
778,2024-12-01,3.2,3.3,0.841
778,2025-12-01,3.02,2.85,0.685
779,2022-12-01,2.55,2.22,0.614
779,2023-12-01,2.66,2.49,0.708
779,2024-12-01,2.3,2.31,0.736
779,2025-12-01,2.57,2.64,0.574
780,2023-12-01,3.07,2.86,0.71
780,2024-12-01,3.38,3.33,0.755
780,2025-12-01,3.12,2.91,0.709
781,2024-12-01,3.15,3.32,0.713
781,2025-12-01,3.24,3.26,0.76
782,2025-12-01,4.01,3.91,0.73
783,2022-12-01,3.98,3.81,0.808
783,2023-12-01,3.84,3.77,0.712
783,2024-12-01,3.7,3.65,0.71
783,2025-12-01,3.86,3.82,0.765
784,2023-12-01,3.47,3.32,0.702
784,2024-12-01,3.17,3.08,0.774
784,2025-12-01,3.17,3.32,0.811
785,2023-12-01,2.71,2.6,0.688
785,2024-12-01,2.95,3.2,0.748
785,2025-12-01,2.96,2.89,0.696
786,2024-12-01,4.81,4.94,0.866
786,2025-12-01,4.98,4.97,0.803
787,2023-12-01,2.99,2.96,0.672
787,2024-12-01,3.21,3.15,0.759
787,2025-12-01,3.3,3.61,0.679
788,2024-12-01,3.25,3.42,0.844
788,2025-12-01,3.0,2.97,0.75
789,2024-12-01,3.06,3.06,0.832
789,2025-12-01,3.1,2.94,0.743
790,2022-12-01,3.33,3.42,0.693
790,2023-12-01,3.3,3.05,0.68
790,2024-12-01,2.87,2.68,0.718
790,2025-12-01,3.34,3.52,0.742
791,2024-12-01,3.05,2.87,0.743
791,2025-12-01,3.04,3.0,0.797
792,2022-12-01,3.34,3.29,0.697
792,2023-12-01,3.47,3.57,0.719
792,2024-12-01,3.12,3.13,0.643
792,2025-12-01,3.21,3.14,0.734
793,2024-12-01,2.86,2.92,0.626
793,2025-12-01,2.55,2.74,0.58
794,2023-12-01,3.57,3.68,0.839
794,2024-12-01,3.24,3.22,0.89
794,2025-12-01,3.61,3.45,0.761
795,2023-12-01,2.42,2.43,0.626
795,2024-12-01,2.53,2.59,0.6
795,2025-12-01,2.59,2.67,0.66
796,2025-12-01,3.0,2.86,0.69
797,2025-12-01,3.53,3.6,0.78
798,2024-12-01,3.33,3.3,0.59
798,2025-12-01,3.66,3.3,0.729
799,2023-12-01,2.13,2.03,0.704
800,2024-12-01,3.28,3.26,0.722
800,2025-12-01,3.35,3.45,0.743
801,2023-12-01,1.68,1.65,0.573
802,2025-12-01,2.68,2.55,0.647
803,2023-12-01,3.45,3.51,0.814
803,2024-12-01,3.27,3.37,0.685
803,2025-12-01,3.63,3.77,0.812
804,2025-12-01,3.71,3.82,0.693
805,2025-12-01,3.74,4.03,0.868
806,2024-12-01,3.45,3.11,0.705
806,2025-12-01,3.43,3.32,0.789
807,2022-12-01,3.01,3.05,0.698
807,2023-12-01,3.06,2.98,0.677
807,2024-12-01,3.16,3.61,0.732
807,2025-12-01,2.99,2.94,0.628
808,2022-12-01,3.09,3.16,0.634
808,2023-12-01,2.64,2.74,0.637
808,2024-12-01,3.15,3.38,0.657
808,2025-12-01,2.92,2.9,0.731
809,2025-12-01,4.62,4.76,0.837
810,2022-12-01,3.92,3.99,0.771
810,2023-12-01,3.89,3.74,0.782
810,2024-12-01,3.35,3.3,0.775
810,2025-12-01,3.8,3.88,0.771
811,2025-12-01,2.56,2.68,0.658
812,2023-12-01,1.42,1.47,0.573
812,2024-12-01,2.39,2.47,0.626
812,2025-12-01,2.24,2.15,0.653
813,2023-12-01,2.91,2.88,0.727
813,2024-12-01,3.32,3.38,0.665
813,2025-12-01,3.15,3.08,0.667
814,2025-12-01,3.55,3.58,0.618
815,2023-12-01,3.42,3.22,0.796
815,2024-12-01,3.56,3.72,0.734
815,2025-12-01,3.59,3.58,0.737
816,2023-12-01,2.34,2.24,0.579
817,2023-12-01,3.11,3.16,0.689
817,2024-12-01,3.06,3.01,0.732
817,2025-12-01,3.04,3.22,0.635
818,2023-12-01,3.33,3.44,0.728
818,2024-12-01,3.46,3.38,0.807
818,2025-12-01,3.19,3.11,0.729
819,2024-12-01,2.25,2.25,0.701
819,2025-12-01,2.17,2.11,0.646
820,2022-12-01,3.19,3.49,0.696
820,2023-12-01,3.37,3.02,0.684
820,2024-12-01,3.31,3.32,0.735
820,2025-12-01,3.14,3.39,0.668
821,2025-12-01,2.93,2.85,0.792
822,2025-12-01,2.19,2.52,0.605
823,2023-12-01,4.14,3.98,0.82
823,2024-12-01,3.87,3.61,0.78
823,2025-12-01,3.93,3.93,0.828
824,2024-12-01,2.38,2.21,0.601
824,2025-12-01,2.61,2.81,0.61
825,2023-12-01,2.87,2.81,0.678
825,2024-12-01,3.01,2.85,0.751
825,2025-12-01,2.86,2.73,0.622
826,2023-12-01,2.49,2.35,0.597
826,2024-12-01,2.83,3.17,0.673
826,2025-12-01,2.93,3.04,0.636
827,2025-12-01,2.99,3.03,0.652
828,2022-12-01,3.9,3.56,0.725
828,2023-12-01,4.17,3.97,0.711
828,2024-12-01,3.76,3.73,0.729
829,2022-12-01,2.81,2.91,0.627
829,2023-12-01,2.76,2.8,0.724
829,2024-12-01,2.52,2.3,0.655
829,2025-12-01,2.6,2.78,0.683
830,2023-12-01,2.49,2.3,0.542
830,2024-12-01,2.37,2.36,0.631
830,2025-12-01,2.81,2.9,0.647
831,2023-12-01,2.8,2.75,0.577
831,2024-12-01,2.66,2.38,0.596
831,2025-12-01,2.73,2.7,0.594
832,2023-12-01,2.54,2.74,0.649
832,2024-12-01,2.82,2.79,0.622
832,2025-12-01,2.52,2.59,0.641
833,2024-12-01,3.62,4.01,0.84
833,2025-12-01,3.46,3.79,0.772
834,2024-12-01,2.98,2.92,0.756
834,2025-12-01,3.38,3.43,0.782
835,2023-12-01,3.03,3.09,0.665
836,2022-12-01,3.52,3.54,0.743
836,2023-12-01,3.2,2.96,0.775
836,2024-12-01,3.52,3.69,0.757
836,2025-12-01,3.66,3.59,0.786
837,2023-12-01,2.99,3.01,0.79
837,2024-12-01,3.51,3.61,0.723
837,2025-12-01,3.12,2.91,0.751
838,2022-12-01,3.43,3.63,0.845
838,2023-12-01,3.57,3.28,0.811
838,2024-12-01,3.58,3.58,0.69
838,2025-12-01,3.38,3.49,0.851
839,2022-12-01,3.59,3.68,0.846
839,2023-12-01,3.45,3.52,0.744
839,2024-12-01,3.76,3.82,0.726
839,2025-12-01,3.45,3.34,0.767
840,2023-12-01,3.5,3.47,0.858
840,2024-12-01,3.76,3.73,0.781
840,2025-12-01,3.5,3.54,0.808
841,2022-12-01,4.39,4.15,0.887
841,2023-12-01,4.1,4.22,0.821
841,2024-12-01,4.37,4.84,0.795
841,2025-12-01,4.21,4.13,0.744
842,2022-12-01,1.66,1.97,0.58
842,2023-12-01,1.56,1.91,0.625
842,2024-12-01,1.79,1.84,0.625
842,2025-12-01,1.73,1.57,0.633
843,2022-12-01,2.92,2.98,0.7
843,2023-12-01,2.46,2.56,0.606
843,2024-12-01,2.86,2.77,0.653
843,2025-12-01,2.52,2.51,0.625
844,2025-12-01,2.69,2.64,0.66
845,2025-12-01,3.28,3.1,0.721
846,2023-12-01,3.56,3.31,0.7
846,2024-12-01,3.44,3.26,0.702
846,2025-12-01,3.58,3.6,0.738
847,2025-12-01,3.56,3.27,0.688
848,2024-12-01,3.48,3.55,0.701
848,2025-12-01,3.36,3.42,0.729
849,2023-12-01,3.47,3.32,0.659
849,2024-12-01,3.64,3.56,0.695
849,2025-12-01,3.54,3.69,0.694
850,2022-12-01,3.36,3.43,0.676
850,2023-12-01,3.03,3.17,0.652
850,2024-12-01,3.13,3.04,0.683
850,2025-12-01,3.05,3.26,0.754
851,2024-12-01,3.79,3.8,0.699
851,2025-12-01,4.0,4.05,0.816
852,2024-12-01,3.7,3.88,0.77
852,2025-12-01,3.78,3.61,0.699
853,2024-12-01,3.17,3.29,0.719
853,2025-12-01,3.52,3.54,0.719
854,2024-12-01,3.85,3.78,0.679
854,2025-12-01,3.96,3.99,0.866
855,2023-12-01,3.18,3.28,0.728
855,2024-12-01,3.17,3.08,0.763
855,2025-12-01,3.21,3.12,0.851
856,2024-12-01,3.86,3.92,0.76
856,2025-12-01,3.86,4.03,0.794
857,2025-12-01,3.58,3.38,0.787
858,2023-12-01,3.05,3.1,0.703
858,2024-12-01,2.93,2.82,0.71
858,2025-12-01,2.88,2.58,0.685
859,2024-12-01,2.69,2.79,0.795
859,2025-12-01,3.11,3.18,0.648
860,2023-12-01,3.27,3.32,0.675
860,2024-12-01,2.76,2.88,0.743
861,2024-12-01,3.04,2.93,0.594
861,2025-12-01,2.89,3.35,0.641
862,2024-12-01,2.96,2.98,0.723
862,2025-12-01,2.37,2.35,0.686
863,2022-12-01,2.9,3.0,0.772
863,2023-12-01,3.11,2.97,0.674
863,2024-12-01,2.89,2.92,0.77
863,2025-12-01,3.22,2.96,0.733
864,2024-12-01,3.71,3.86,0.941
864,2025-12-01,3.8,3.99,0.837
865,2022-12-01,2.59,2.76,0.597
865,2023-12-01,2.86,3.06,0.752
865,2024-12-01,2.32,2.27,0.681
865,2025-12-01,2.58,2.54,0.662
866,2024-12-01,3.86,3.99,0.836
867,2023-12-01,3.99,3.99,0.812
867,2024-12-01,3.92,4.27,0.825
867,2025-12-01,3.88,3.78,0.796
868,2024-12-01,3.44,3.02,0.712
868,2025-12-01,3.3,3.23,0.588
869,2022-12-01,2.81,2.94,0.651
869,2023-12-01,2.67,2.73,0.687
869,2024-12-01,2.78,2.82,0.656
869,2025-12-01,2.77,2.72,0.681
870,2024-12-01,3.1,3.03,0.726
870,2025-12-01,3.49,3.51,0.761
871,2022-12-01,3.27,3.26,0.824
871,2023-12-01,2.79,2.79,0.713
871,2024-12-01,3.23,3.19,0.771
871,2025-12-01,3.22,3.26,0.718
872,2025-12-01,3.49,3.48,0.794
873,2025-12-01,3.43,3.37,0.792
874,2025-12-01,4.72,4.7,0.8
875,2024-12-01,3.48,3.59,0.808
875,2025-12-01,3.61,3.58,0.665
876,2024-12-01,3.27,3.5,0.673
876,2025-12-01,3.14,3.18,0.692
877,2022-12-01,3.03,2.94,0.622
877,2023-12-01,2.98,2.67,0.651
877,2024-12-01,2.49,2.18,0.667
877,2025-12-01,2.76,2.87,0.61
878,2023-12-01,3.58,3.77,0.751
878,2024-12-01,3.7,3.66,0.648
878,2025-12-01,3.49,3.55,0.761
879,2023-12-01,2.54,2.61,0.649
879,2024-12-01,2.55,2.53,0.646
879,2025-12-01,2.55,2.25,0.72
880,2024-12-01,3.82,4.24,0.724
880,2025-12-01,3.42,3.36,0.725
881,2025-12-01,2.65,2.44,0.67
882,2022-12-01,2.8,2.87,0.725
882,2023-12-01,2.74,2.71,0.835
882,2024-12-01,2.93,2.94,0.711
882,2025-12-01,2.97,2.81,0.697
883,2025-12-01,2.25,2.2,0.613
884,2024-12-01,3.73,3.86,0.729
884,2025-12-01,3.59,3.54,0.802
885,2023-12-01,3.14,3.12,0.711
886,2022-12-01,3.02,2.91,0.662
887,2022-12-01,1.86,1.89,0.638
888,2023-12-01,3.51,3.69,0.733
888,2024-12-01,3.74,3.78,0.741
888,2025-12-01,3.64,3.29,0.733
889,2024-12-01,2.92,2.86,0.772
889,2025-12-01,3.09,3.08,0.718
890,2022-12-01,2.79,2.62,0.769
890,2023-12-01,2.73,2.75,0.722
890,2024-12-01,2.81,3.24,0.74
890,2025-12-01,2.89,3.23,0.611
891,2023-12-01,4.67,4.75,0.886
891,2024-12-01,4.3,4.14,0.85
891,2025-12-01,4.46,4.33,0.833
892,2025-12-01,3.1,3.04,0.71
893,2025-12-01,4.31,4.21,0.74
894,2025-12-01,2.45,2.44,0.658
895,2023-12-01,3.02,3.1,0.626
895,2024-12-01,3.41,3.22,0.818
895,2025-12-01,3.28,3.08,0.817
896,2022-12-01,3.77,3.95,0.852
896,2023-12-01,3.64,3.32,0.827
896,2024-12-01,3.62,3.66,0.747
896,2025-12-01,4.0,4.05,0.795
897,2024-12-01,2.86,2.52,0.511
897,2025-12-01,2.67,2.52,0.632
898,2023-12-01,3.21,3.33,0.708
898,2024-12-01,3.0,2.82,0.634
898,2025-12-01,3.14,3.08,0.785
899,2022-12-01,3.16,3.02,0.678
899,2023-12-01,3.28,3.35,0.793
899,2024-12-01,3.35,3.29,0.813
899,2025-12-01,3.13,3.12,0.715
900,2022-12-01,1.95,1.77,0.651
901,2023-12-01,3.6,3.41,0.602
901,2024-12-01,3.48,3.47,0.636
901,2025-12-01,3.61,3.5,0.743
902,2022-12-01,3.73,3.81,0.881
902,2023-12-01,3.14,3.16,0.66
902,2024-12-01,3.73,3.69,0.871
902,2025-12-01,3.36,3.54,0.842
903,2022-12-01,3.68,3.76,0.785
903,2023-12-01,3.68,3.97,0.746
903,2024-12-01,3.53,3.52,0.769
903,2025-12-01,3.33,3.18,0.777
904,2022-12-01,3.75,3.64,0.758
904,2023-12-01,3.41,3.04,0.704
904,2024-12-01,3.51,3.41,0.713
904,2025-12-01,3.62,3.7,0.733
905,2022-12-01,3.04,2.83,0.654
905,2023-12-01,3.11,3.03,0.691
905,2024-12-01,2.86,2.87,0.679
905,2025-12-01,2.72,2.6,0.685
906,2024-12-01,2.92,2.99,0.713
906,2025-12-01,2.82,2.75,0.657
907,2023-12-01,3.6,3.58,0.677
907,2024-12-01,3.39,3.29,0.627
907,2025-12-01,3.29,3.17,0.672
908,2024-12-01,3.66,3.42,0.84
908,2025-12-01,3.84,4.05,0.759
909,2022-12-01,3.5,3.63,0.72
909,2023-12-01,3.43,3.27,0.787
909,2024-12-01,3.67,3.88,0.752
909,2025-12-01,3.2,3.31,0.584
910,2022-12-01,3.05,2.92,0.709
910,2023-12-01,3.54,3.71,0.714
910,2024-12-01,2.86,2.8,0.694
910,2025-12-01,2.96,2.99,0.645
911,2024-12-01,3.96,3.7,0.757
911,2025-12-01,4.02,4.07,0.776
912,2023-12-01,2.57,2.79,0.706
912,2024-12-01,2.8,2.62,0.642
912,2025-12-01,2.56,2.27,0.63
913,2023-12-01,3.69,3.41,0.793
913,2024-12-01,3.28,3.26,0.816
914,2023-12-01,2.73,2.51,0.637
914,2024-12-01,2.93,2.91,0.665
914,2025-12-01,2.73,2.62,0.655
915,2025-12-01,2.73,2.78,0.694
916,2023-12-01,2.69,2.64,0.616
916,2024-12-01,2.48,2.37,0.604
916,2025-12-01,2.38,2.42,0.736
917,2023-12-01,2.91,2.84,0.579
917,2024-12-01,3.23,3.1,0.697
917,2025-12-01,2.92,3.01,0.682
918,2024-12-01,3.39,3.63,0.653
918,2025-12-01,3.47,3.23,0.823
919,2023-12-01,4.62,4.65,0.866
919,2024-12-01,4.25,4.25,0.848
919,2025-12-01,4.44,4.57,0.789
920,2023-12-01,3.59,3.57,0.635
920,2024-12-01,3.62,3.72,0.686
920,2025-12-01,3.37,3.47,0.723
921,2023-12-01,3.14,3.12,0.756
921,2024-12-01,3.58,3.55,0.785
921,2025-12-01,3.43,3.34,0.782
922,2024-12-01,3.06,3.18,0.708
922,2025-12-01,3.28,3.31,0.628
923,2022-12-01,3.63,3.59,0.676
923,2023-12-01,3.52,3.54,0.815
923,2024-12-01,3.02,3.5,0.745
923,2025-12-01,3.23,3.28,0.696
924,2022-12-01,4.22,3.99,0.718
924,2023-12-01,4.29,4.19,0.812
924,2024-12-01,3.92,3.51,0.742
924,2025-12-01,4.07,4.13,0.824
925,2022-12-01,2.66,2.51,0.64
925,2023-12-01,2.57,2.65,0.61
925,2024-12-01,2.33,2.32,0.61
925,2025-12-01,2.25,2.13,0.698
926,2025-12-01,3.34,3.53,0.766
927,2022-12-01,3.65,3.61,0.725
927,2023-12-01,3.54,3.62,0.787
927,2024-12-01,3.91,3.56,0.662
927,2025-12-01,3.58,3.56,0.71
928,2025-12-01,4.35,4.17,0.841
929,2023-12-01,3.8,3.62,0.564
929,2024-12-01,3.48,3.35,0.721
929,2025-12-01,4.04,4.05,0.627
930,2025-12-01,3.6,3.65,0.875
931,2025-12-01,3.62,3.7,0.782
932,2023-12-01,2.96,2.99,0.684
932,2024-12-01,3.0,2.89,0.642
932,2025-12-01,2.73,2.56,0.639
933,2022-12-01,3.71,3.59,0.665
933,2023-12-01,3.34,3.28,0.685
933,2024-12-01,3.5,3.41,0.789
933,2025-12-01,3.55,3.57,0.731
934,2022-12-01,2.7,2.83,0.633
934,2023-12-01,2.68,2.8,0.649
934,2024-12-01,2.63,2.61,0.625
934,2025-12-01,2.62,2.62,0.691
935,2022-12-01,3.69,3.63,0.74
935,2023-12-01,3.9,3.93,0.776
935,2024-12-01,3.63,3.48,0.749
935,2025-12-01,3.52,3.47,0.708
936,2024-12-01,3.53,3.72,0.631
937,2022-12-01,3.48,3.56,0.722
937,2023-12-01,3.21,3.05,0.74
937,2024-12-01,3.51,3.75,0.771
937,2025-12-01,3.51,3.64,0.707
938,2023-12-01,4.13,4.13,0.772
938,2024-12-01,3.88,3.55,0.796
938,2025-12-01,4.1,3.97,0.827
939,2023-12-01,2.67,2.52,0.689
939,2024-12-01,3.07,3.14,0.76
939,2025-12-01,3.12,3.24,0.656
940,2025-12-01,3.76,3.96,0.708
941,2022-12-01,3.85,3.63,0.741
942,2022-12-01,4.14,4.09,0.859
942,2023-12-01,4.15,4.14,0.841
942,2024-12-01,3.88,3.91,0.826
942,2025-12-01,3.94,3.87,0.766
943,2022-12-01,2.89,2.87,0.725
943,2023-12-01,2.74,2.71,0.66
943,2024-12-01,2.73,2.73,0.658
943,2025-12-01,2.9,2.99,0.683
945,2024-12-01,4.54,4.67,0.847
945,2025-12-01,4.32,4.22,0.78
946,2022-12-01,2.29,2.05,0.696
946,2023-12-01,2.9,2.85,0.708
946,2024-12-01,2.28,2.2,0.681
946,2025-12-01,2.57,2.4,0.743
947,2022-12-01,3.76,3.74,0.761
948,2022-12-01,3.9,3.99,0.747
948,2023-12-01,3.9,3.52,0.875
948,2024-12-01,3.78,3.87,0.817
948,2025-12-01,3.9,3.77,0.793
949,2022-12-01,3.1,3.04,0.708
949,2023-12-01,3.05,2.98,0.751
949,2024-12-01,2.98,3.02,0.675
949,2025-12-01,2.77,2.78,0.644
950,2025-12-01,3.58,3.5,0.835
951,2024-12-01,3.74,3.55,0.811
951,2025-12-01,3.55,3.41,0.715
952,2023-12-01,3.01,3.08,0.653
952,2024-12-01,3.06,3.06,0.643
952,2025-12-01,3.22,3.3,0.635
953,2025-12-01,3.63,3.67,0.815
954,2022-12-01,3.17,3.4,0.773
954,2023-12-01,2.58,2.37,0.686
954,2024-12-01,3.25,3.42,0.74
954,2025-12-01,3.33,3.08,0.647
955,2024-12-01,3.57,3.6,0.793
955,2025-12-01,3.44,3.52,0.754
956,2025-12-01,3.92,3.85,0.723
957,2023-12-01,2.97,3.0,0.772
957,2024-12-01,3.0,3.22,0.683
957,2025-12-01,2.41,2.57,0.687
958,2024-12-01,2.67,2.81,0.67
958,2025-12-01,2.62,2.72,0.58
959,2022-12-01,3.47,3.66,0.775
959,2023-12-01,3.3,3.17,0.666
959,2024-12-01,3.46,3.37,0.79
959,2025-12-01,3.71,3.64,0.716
960,2022-12-01,2.95,3.03,0.684
960,2023-12-01,2.85,2.75,0.581
960,2024-12-01,2.8,3.0,0.673
960,2025-12-01,3.13,3.3,0.689
961,2022-12-01,3.46,3.21,0.752
961,2023-12-01,2.97,2.68,0.663
961,2024-12-01,3.22,3.14,0.727
961,2025-12-01,2.79,2.8,0.779
962,2023-12-01,2.97,2.9,0.643
962,2024-12-01,3.39,3.62,0.781
962,2025-12-01,3.13,2.93,0.759
963,2024-12-01,3.48,3.44,0.749
963,2025-12-01,3.58,3.59,0.793
964,2025-12-01,3.04,3.05,0.675
965,2023-12-01,3.74,3.56,0.725
965,2024-12-01,3.64,3.53,0.669
965,2025-12-01,3.32,3.22,0.649
966,2025-12-01,2.98,2.87,0.618
967,2024-12-01,3.71,3.4,0.783
967,2025-12-01,3.46,3.39,0.757
968,2022-12-01,3.61,3.65,0.744
968,2023-12-01,3.24,3.28,0.711
968,2024-12-01,3.66,3.69,0.667
968,2025-12-01,3.58,3.57,0.731
969,2023-12-01,3.0,2.95,0.625
969,2024-12-01,2.58,2.4,0.588
969,2025-12-01,2.22,2.21,0.639
970,2022-12-01,3.81,3.8,0.718
970,2023-12-01,3.76,3.47,0.744
970,2024-12-01,3.94,3.98,0.76
970,2025-12-01,3.89,4.0,0.704
971,2024-12-01,3.97,3.84,0.86
971,2025-12-01,3.67,3.67,0.73
972,2025-12-01,2.46,2.41,0.631
973,2022-12-01,3.24,3.36,0.686
973,2023-12-01,3.38,3.34,0.684
974,2024-12-01,2.53,2.11,0.601
974,2025-12-01,2.61,2.58,0.616
975,2024-12-01,4.24,4.45,0.845
975,2025-12-01,4.35,4.42,0.941
976,2023-12-01,2.72,2.82,0.653
976,2024-12-01,3.27,3.13,0.665
976,2025-12-01,3.04,3.2,0.832
977,2023-12-01,1.98,2.04,0.553
977,2024-12-01,1.89,2.11,0.613
977,2025-12-01,2.06,1.93,0.57
978,2023-12-01,2.68,2.71,0.663
978,2024-12-01,3.47,3.4,0.766
978,2025-12-01,3.11,3.31,0.761
979,2022-12-01,3.14,3.24,0.81
979,2023-12-01,2.9,2.83,0.69
979,2024-12-01,2.89,2.98,0.732
979,2025-12-01,3.15,3.06,0.712
980,2022-12-01,3.2,3.15,0.656
980,2023-12-01,2.99,3.07,0.654
981,2022-12-01,3.08,2.77,0.736
981,2023-12-01,2.88,2.91,0.754
981,2024-12-01,2.97,3.0,0.739
981,2025-12-01,3.16,2.88,0.732
982,2023-12-01,3.76,3.77,0.847
982,2024-12-01,3.82,3.96,0.802
982,2025-12-01,3.7,3.95,0.821
983,2022-12-01,4.07,4.11,0.738
983,2023-12-01,3.59,3.47,0.7
983,2024-12-01,3.97,4.03,0.762
983,2025-12-01,3.75,3.75,0.665
984,2025-12-01,3.7,3.57,0.845
985,2023-12-01,3.61,3.63,0.8
985,2024-12-01,3.61,3.95,0.684
985,2025-12-01,3.49,3.35,0.74
986,2024-12-01,3.28,3.17,0.755
986,2025-12-01,3.3,3.18,0.739
987,2023-12-01,3.37,3.38,0.676
987,2024-12-01,3.03,3.06,0.668
987,2025-12-01,3.47,3.41,0.752
988,2023-12-01,3.24,3.27,0.702
988,2024-12-01,3.33,3.39,0.626
988,2025-12-01,3.25,3.22,0.643
989,2025-12-01,3.12,3.11,0.727
990,2022-12-01,3.23,3.31,0.717
990,2023-12-01,3.14,3.06,0.643
990,2024-12-01,3.25,3.4,0.737
990,2025-12-01,3.48,3.55,0.645
991,2022-12-01,2.86,2.97,0.801
991,2023-12-01,3.09,3.27,0.759
992,2024-12-01,3.55,3.79,0.695
992,2025-12-01,3.33,3.45,0.782
993,2022-12-01,2.21,2.34,0.534
993,2023-12-01,2.55,2.35,0.679
993,2024-12-01,2.92,3.05,0.652
993,2025-12-01,3.03,3.0,0.667
994,2022-12-01,4.35,4.26,0.94
994,2023-12-01,3.95,4.09,0.753
994,2024-12-01,4.28,4.39,0.767
994,2025-12-01,4.31,4.28,0.777
995,2023-12-01,3.69,3.44,0.759
995,2024-12-01,2.97,2.96,0.714
995,2025-12-01,3.27,3.06,0.836
996,2022-12-01,2.29,2.24,0.697
996,2023-12-01,2.7,2.69,0.671
996,2024-12-01,2.35,2.22,0.758
996,2025-12-01,2.5,2.85,0.636
997,2023-12-01,3.02,3.06,0.674
997,2024-12-01,3.12,3.31,0.77
997,2025-12-01,3.01,2.8,0.566
998,2022-12-01,2.62,2.55,0.554
998,2023-12-01,2.5,2.45,0.624
998,2024-12-01,2.81,2.98,0.612
998,2025-12-01,2.73,2.86,0.593
999,2025-12-01,3.02,3.21,0.662
1000,2024-12-01,2.99,3.01,0.54
1000,2025-12-01,2.63,2.68,0.627
