business_unit_id,period_start,revenue,revenue_next,revenue_growth_next,pred_revenue_growth_next,pred_revenue_next,pred_log_revenue_next,avg_attrition_risk,p90_attrition_risk,avg_tenure
BU_01,2022-07-01,9951186.963608818,9303819.310378231,-0.0650543151885288,-0.07127000015109732,9241965.86720882,16.03926528538199,0.29048390468482876,0.45607369048013624,5.75
BU_01,2022-08-01,9303819.310378231,9726744.48465246,0.04545715691215796,0.0459054728669603,9730915.5352899,16.090818646569716,0.29164340587134485,0.4047321133718922,5.875
BU_01,2022-09-01,9726744.48465246,10037568.808165455,0.031955637778234645,0.0470844254970439,10184722.660668861,16.13639947528369,0.30177771281588683,0.41664168383962386,6.875
BU_01,2022-10-01,10037568.808165455,10051677.721730396,0.0014056106448270087,0.04803100428017252,10519683.318552976,16.168758757081484,0.29153840040017576,0.4599331241365794,7.3
BU_01,2022-11-01,10051677.721730396,10830844.05624444,0.0775160481746833,0.06341744346742748,10689129.425401034,16.1847379350154,0.2285807557207201,0.34397782748890354,7.75
BU_01,2022-12-01,10830844.05624444,11420773.711835636,0.0544675606561869,0.02962598090246336,11151718.435412297,16.227104253435364,0.29606497509657215,0.5304646880961367,8.461538461538462
BU_01,2023-01-01,11420773.711835636,11640425.959084472,0.01923269410558452,0.004531945452119433,11472532.035318675,16.2554663047692,0.24126517763510946,0.46835967181431126,8.411764705882353
BU_01,2023-02-01,11640425.959084472,11398419.17394882,-0.02079020011692811,0.010806474256805945,11766217.922549574,16.280743180603455,0.2863134234490242,0.5484516703003189,8.947368421052632
BU_01,2023-03-01,11398419.17394882,11556330.853465846,0.013853822807107634,0.050194376000464204,11970555.711776908,16.297960585373026,0.29253288304952346,0.5269809219134358,8.916666666666666
BU_01,2023-04-01,11556330.853465846,12131134.213751812,0.0497392613256289,0.04287537236830471,12051812.842019523,16.304725732881664,0.2602784001354118,0.5618718849431196,9.37037037037037
BU_01,2023-05-01,12131134.213751812,12831788.4405154,0.05775669565747035,0.022942811634703415,12409456.540933225,16.33396944477765,0.2573892521602563,0.47232365699754875,9.53125
BU_01,2023-06-01,12831788.4405154,13164992.33405886,0.02596706570468333,0.0047893629980807146,12893244.533271605,16.372214130132498,0.27047235593425495,0.6273727416625089,9.783783783783784
BU_01,2023-07-01,13164992.33405886,12765885.256043063,-0.03031578506758988,-0.005531728677379547,13092167.168427065,16.387524759649573,0.2690231445726288,0.4761271541222032,10.487179487179487
BU_01,2023-08-01,12765885.256043063,13513646.001375703,0.05857492295559117,0.055865327426493416,13479055.615760954,16.416647677005447,0.2487841019891734,0.4706851295618367,11.2
BU_01,2023-09-01,13513646.001375703,13728704.167773657,0.015914148289518627,-0.003276453460678958,13469369.169168105,16.4159287892509,0.2622767085785306,0.48597432735520746,11.857142857142858
BU_01,2023-10-01,13728704.167773657,14141181.491934378,0.030044883997788947,0.016204606962156247,13951172.422912145,16.451074179031856,0.26944721906807034,0.5181222067457816,11.73469387755102
BU_01,2023-11-01,14141181.491934378,14117586.460329274,-0.0016685332564723636,-0.005066535076490244,14069534.699882478,16.459522429248462,0.2630606451085184,0.48044307547227694,12.288461538461538
BU_01,2023-12-01,14117586.460329274,14917507.463963306,0.05666131430339225,0.02070601305108035,14409905.389826607,16.483426471759365,0.252957458706282,0.466649394398264,12.836363636363636
BU_01,2024-01-01,14917507.463963306,15079486.244238583,0.010858300601931995,-0.018957759477342916,14634704.945460021,16.498906385351432,0.2826323439811816,0.5538694873200517,13.379310344827585
BU_01,2024-02-01,15079486.244238583,15374074.65582828,0.01953570611215288,-0.025513287523017698,14694758.975989934,16.50300152398212,0.25362394272936445,0.49456584618673555,13.918032786885245
BU_01,2024-03-01,15374074.65582828,15396897.244777262,0.0014844853729346135,-0.022791506292625042,15023676.336566683,16.525138003666456,0.25093968056410587,0.4926304991561877,14.603174603174603
BU_01,2024-04-01,15396897.244777262,14408259.859873096,-0.06421016969763305,0.0025682234099549364,15436439.91672197,16.552241565414256,0.2951681982822484,0.708534325946244,15.121212121212121
BU_01,2024-05-01,14408259.859873096,16311425.928950714,0.13208854418137772,0.09861498682719552,15829130.216157291,16.5773625482385,0.27375972580591795,0.547909205137355,15.485714285714286
BU_01,2024-06-01,16311425.928950714,15552457.036112608,-0.04652989236771948,-0.06146665289483172,15308817.173156142,16.543939571522785,0.2616412000773273,0.5711182962296499,16.013698630136986
BU_01,2024-07-01,15552457.036112608,16046857.741779866,0.03178923462185204,0.023953055734131007,15924985.906301292,16.583399937211883,0.23189388054589932,0.43001142441837886,17.013698630136986
BU_01,2024-08-01,16046857.741779866,16342470.151833411,0.01842182530751078,0.0016866829538680337,16073923.703196071,16.592708933358864,0.2328375999383626,0.41582757864614833,17.83783783783784
BU_01,2024-09-01,16342470.151833411,16383463.187134355,0.0025083744941914498,-0.007952768943476914,16212502.262750212,16.601293308855865,0.21414799123847045,0.39197141091172993,18.473684210526315
BU_01,2024-10-01,16383463.187134355,16196122.469273008,-0.011434744639855037,0.03112528346521473,16893403.122975823,16.64243381512958,0.218892410935551,0.40319957012540936,18.75
BU_01,2024-11-01,16196122.469273008,16821127.304309934,0.038589781981623925,0.0336109308432015,16740489.221515765,16.633340907036235,0.21662714247718087,0.4070403886957523,19.772151898734176
BU_01,2024-12-01,16821127.304309934,16388381.210881963,-0.02572634316352223,-0.0012695555418257493,16799771.94892099,16.63687592933698,0.19355159841638847,0.34545622719847113,20.382716049382715
BU_01,2025-01-01,16388381.210881963,16883530.701147098,0.030213447191254808,0.048867443345698126,17189239.50123244,16.659794193790308,0.20903090315793676,0.4002726456080289,20.797619047619047
BU_01,2025-02-01,16883530.701147098,17596148.6621117,0.042207875448479794,0.012607137173890975,17096383.68867606,16.654377577405317,0.20247974004625782,0.4121068294103452,21.406976744186046
BU_01,2025-03-01,17596148.6621117,17769030.600688454,0.009824987381983551,-0.0023100224318364725,17555501.163988292,16.68087797235859,0.2063789157994791,0.41811869606476,21.633333333333333
BU_01,2025-04-01,17769030.600688454,18286476.106891744,0.029120637913879324,0.02232704074672719,18165760.470939867,16.71504914243623,0.21598035017090414,0.5818540430137851,22.439560439560438
BU_01,2025-05-01,18286476.106891744,17580611.948683247,-0.03860033798105438,0.011064705547491236,18488810.580515735,16.732676327664123,0.219741360844273,0.5111709076873902,23.23913043478261
BU_01,2025-06-01,17580611.948683247,17972603.636263404,0.022296817012078834,0.07189366698398675,18844546.60949658,16.75173417853142,0.21085771518580915,0.4590376342454215,23.63157894736842
BU_01,2025-07-01,17972603.636263404,17314665.160132445,-0.036607855458595503,0.022714960148612556,18380850.611627936,16.726820007421708,0.17149990339101834,0.3125727079823308,24.22680412371134
BU_01,2025-08-01,17314665.160132445,18329356.114907503,0.05860297876920053,0.07094725900237932,18543093.193787836,16.735607997045733,0.18412775976634174,0.3720254574765051,24.717171717171716
BU_01,2025-09-01,18329356.114907503,17539535.914763402,-0.04309044983319026,-0.00835760016205763,18176166.68527114,16.715621826102577,0.16148736402660507,0.3224265667914555,25.717171717171716
BU_01,2025-10-01,17539535.914763402,17705888.94571529,0.009484460236594086,0.08212792521011461,18980021.60859121,16.758897542325073,0.16880319256170276,0.3371391269154343,26.717171717171716
BU_01,2025-11-01,17705888.94571529,18105071.00670884,0.022545157840840952,0.06644246613931115,18882311.87245738,16.75373621501643,0.1606978176365534,0.3217690160535005,27.26732673267327
BU_02,2022-07-01,9133535.569025328,7865885.880133719,-0.1387906883716099,0.01352120728189657,9257031.996670695,16.04089414455317,0.5038611591438501,0.7002609595161552,5.714285714285714
BU_02,2022-08-01,7865885.880133719,9877775.16307547,0.25577402387988224,0.21124034861858942,9527478.355647206,16.069690744910403,0.5076137427203126,0.689207776258977,6.714285714285714
BU_02,2022-09-01,9877775.16307547,9810747.670287143,-0.00678568723034761,-0.04227121603589869,9460229.595203072,16.062607316545254,0.5663370613129951,0.7520311166701278,7.111111111111111
BU_02,2022-10-01,9810747.670287143,10364704.042757764,0.056464236069217716,0.00042861023234609213,9814952.657125594,16.099417664043813,0.5470897088002685,0.6995085933413073,7.8
BU_02,2022-11-01,10364704.042757764,10246443.280811518,-0.011409950680538686,-0.016365057326631897,10195085.06692446,16.1374164040271,0.5003675205738186,0.7248694091819284,8.454545454545455
BU_02,2022-12-01,10246443.280811518,10346672.16378032,0.009781821869496932,0.03415274056758834,10596387.399921583,16.176023784036545,0.48471806944942314,0.685642025479473,9.083333333333334
BU_02,2023-01-01,10346672.16378032,10561306.178269578,0.020744255843014724,0.02676357470417282,10623586.09717524,16.178587284842862,0.4415453793039197,0.6529532485588186,8.588235294117647
BU_02,2023-02-01,10561306.178269578,10990198.934113072,0.04060982122892741,0.008852970993517386,10654805.115519455,16.181521626776743,0.46282619669806735,0.7228319582313542,9.588235294117647
BU_02,2023-03-01,10990198.934113072,10626101.561867235,-0.0331292794997273,-0.003472694158297702,10952033.334476048,16.209035780941495,0.46182224675149075,0.707868960972203,10.277777777777779
BU_02,2023-04-01,10626101.561867235,11350722.487725416,0.06819254659286819,0.06612051931405866,11328704.915421827,16.242850408954112,0.4204464114042614,0.7903035005448049,10.380952380952381
BU_02,2023-05-01,11350722.487725416,11969600.402183969,0.05452321780642617,0.004123537625969077,11397527.618985485,16.24890710205456,0.49966563419550153,0.8045778239326958,10.583333333333334
BU_02,2023-06-01,11969600.402183969,11239959.278587552,-0.060957851480429266,-0.034831965058588335,11552675.699209832,16.262427716931796,0.5113762433152614,0.8085356763640028,11.32
BU_02,2023-07-01,11239959.278587552,11871567.613171067,0.05619311591161611,0.05422642513634135,11849462.088943405,16.28779311556901,0.3935911420850239,0.6357171559016854,11.777777777777779
BU_02,2023-08-01,11871567.613171067,11175533.17732069,-0.0586303728816868,-0.01637916111462336,11677121.294551793,16.273142126116976,0.3798646789313086,0.6029526396938641,11.516129032258064
BU_02,2023-09-01,11175533.17732069,11737436.559397958,0.05027978291161787,0.04835274790143344,11715900.915707784,16.276457615070527,0.4038598921778613,0.6502384684421885,12.06060606060606
BU_02,2023-10-01,11737436.559397958,11674509.644605037,-0.005361214475961272,0.015764375666663562,11922469.918683939,16.293935489955395,0.4040595445770265,0.6621362187185044,12.6
BU_02,2023-11-01,11674509.644605037,11705473.073231194,0.002652225195639459,0.023704793633328523,11951251.486500703,16.29634664143538,0.3747614554470053,0.6674767890230812,13.6
BU_02,2023-12-01,11705473.073231194,11840294.33566286,0.011517796981651594,0.0259561394363609,12009301.964488551,16.30119215444422,0.36828497378802494,0.6193084168951314,13.842105263157896
BU_02,2024-01-01,11840294.33566286,12517286.360058472,0.057176959052151026,0.03134517407291353,12211430.422688745,16.317883072851004,0.3979269208752584,0.6731052307881901,14.58974358974359
BU_02,2024-02-01,12517286.360058472,13199692.167079844,0.054517072422251775,-0.013209133358005052,12351943.855248122,16.32932408679762,0.37376312819452107,0.6004446959140279,15.58974358974359
BU_02,2024-03-01,13199692.167079844,12457925.077982811,-0.05619578697047242,-0.03771963562572193,12701804.588165896,16.357254713619824,0.3699465002626533,0.5945797595004159,15.761904761904763
BU_02,2024-04-01,12457925.077982811,14035608.433563173,0.12664094106398496,0.06683533849777087,13290554.717549661,16.402564244529263,0.35666119102690774,0.7327404505384086,16.227272727272727
BU_02,2024-05-01,14035608.433563173,12252840.322486749,-0.12701751545115159,-0.05353468590877948,13284216.544533752,16.402087237777515,0.38052638992860605,0.6857271274757761,17.227272727272727
BU_02,2024-06-01,12252840.322486749,13466262.968217583,0.09903194800506197,0.12403823762234899,13772661.04195606,16.4381961738765,0.3481095767966941,0.6702646233899467,17.608695652173914
BU_02,2024-07-01,13466262.968217583,13446733.484295825,-0.0014502526772164903,-0.027613562802855235,13094411.470024943,16.38769616817628,0.3367014077499263,0.5423117260096832,17.52
BU_02,2024-08-01,13446733.484295825,13240023.02925256,-0.015372540497264768,-0.02409866418430479,13122685.169681933,16.389853059066972,0.32932673887146413,0.5134837431023254,18.0
BU_02,2024-09-01,13240023.02925256,13415853.034856793,0.013280188804487137,0.0264463795402087,13590173.703405278,16.42485764133574,0.31750722984099133,0.5719177829513,18.48148148148148
BU_02,2024-10-01,13415853.034856793,13958527.094637668,0.040450209045292215,0.027993139267305317,13791404.87725124,16.439556193612283,0.3203197128451977,0.5315518391653058,19.21818181818182
BU_02,2024-11-01,13958527.094637668,13981631.296330497,0.0016552034133819648,-0.018445374545498033,13701056.834273594,16.432983601998046,0.31440665308443505,0.5465910445577791,19.946428571428573
BU_02,2024-12-01,13981631.296330497,14382878.877582356,0.02869819499225157,0.012521891703953934,14156707.76926776,16.465699187664562,0.2890575300956001,0.48315443193416563,20.946428571428573
BU_02,2025-01-01,14382878.877582356,14024193.00542599,-0.024938392043016275,-0.009393498323039883,14247773.3289653,16.472111265039374,0.2997284611615672,0.524302983957163,21.946428571428573
BU_02,2025-02-01,14024193.00542599,13986611.87032642,-0.002679736016541495,0.01695373102983595,14261955.401550489,16.473106158599684,0.2971162944400806,0.514006457396373,21.75
BU_02,2025-03-01,13986611.87032642,14226386.819592169,0.017143176023526302,0.02492003455190644,14335158.72139906,16.47822579929537,0.2920675944747181,0.5091626094931949,22.177419354838708
BU_02,2025-04-01,14226386.819592169,14626387.422511129,0.02811680913723581,0.026372682275244377,14601574.799109997,16.496640012300276,0.3192410730741791,0.6879721203491772,22.88888888888889
BU_02,2025-05-01,14626387.422511129,14273813.6199198,-0.024105323645994183,0.011641747529335113,14796664.132150246,16.509912384435204,0.3424375784100439,0.725120853007297,23.46875
BU_02,2025-06-01,14273813.6199198,14481630.633168604,0.014559319519121802,0.05773546229301673,15097918.847950228,16.5300675338817,0.3273972577348342,0.6713245396749614,24.16923076923077
BU_02,2025-07-01,14481630.633168604,15340676.671097372,0.05931970367765186,0.014636623037638597,14693592.801716613,16.502922160960786,0.2647320514517188,0.4391680521264608,24.863636363636363
BU_02,2025-08-01,15340676.671097372,15406290.31929035,0.004277102607644227,-0.03396738102891443,14819594.061368829,16.511460853664637,0.26622276981012044,0.48787731666589684,25.818181818181817
BU_02,2025-09-01,15406290.31929035,15900611.910399225,0.03208569881939269,-0.015679146876444967,15164732.830553044,16.53448314738818,0.24843039519765267,0.4794823049727202,25.869565217391305
BU_02,2025-10-01,15900611.910399225,14830895.410577916,-0.06727517820378343,-0.025984259595710626,15487446.282788763,16.555540401058295,0.2513533341075052,0.4564028508735224,26.869565217391305
BU_02,2025-11-01,14830895.410577916,14964484.068342725,0.009007457342698883,0.05330999537268567,15621530.37628861,16.564160737025357,0.2444707343452519,0.45713452061088333,27.579710144927535
BU_03,2022-09-01,10550247.53134227,10261141.022388626,-0.027402817620608186,-0.044853287029778734,10077034.25058376,16.12576965537925,0.48905660655692534,0.5686142993576109,5.333333333333333
BU_03,2022-10-01,10261141.022388626,9988571.995237222,-0.026563227866831747,0.01724844396221279,10438129.738301659,16.160976076332354,0.4978746661515611,0.6301513238614043,5.8
BU_03,2022-11-01,9988571.995237222,10414573.787236148,0.04264891840415766,0.07430646037977796,10730787.424451876,16.188627590421156,0.5045792868405111,0.7475761426261606,6.384615384615385
BU_03,2022-12-01,10414573.787236148,10635591.451439954,0.021221959603827455,0.02636003688677481,10689102.336427731,16.184735400758022,0.49953034635503546,0.6243181862832026,6.722222222222222
BU_03,2023-01-01,10635591.451439954,10876156.646510154,0.022618882660975993,0.03455366896154623,11003090.157663262,16.213686805618536,0.43186022128663304,0.788014527448589,7.45
BU_03,2023-02-01,10876156.646510154,11076644.125583818,0.018433669685880706,0.04952738441484644,11414824.23769795,16.25042352794692,0.42644304080152207,0.6842667811841138,8.136363636363637
BU_03,2023-03-01,11076644.125583818,11502101.048288075,0.03841027281192285,0.054462638314274454,11679907.388331423,16.27338069186882,0.4176117787132387,0.6750718575741094,9.136363636363637
BU_03,2023-04-01,11502101.048288075,12603861.827210467,0.09578778470967907,0.04223286724479772,11987867.754896674,16.299405759318777,0.41203554342605836,0.7383707367164236,9.52
BU_03,2023-05-01,12603861.827210467,12500451.514118431,-0.008204653026962239,-0.0028512686167801457,12567924.831532309,16.34665855752624,0.4544127253830347,0.7536240310718731,9.928571428571429
BU_03,2023-06-01,12500451.514118431,13780568.859774102,0.10240568864331522,0.04771005755727749,13096848.775348978,16.38788228408839,0.4499962325916225,0.7562584795702135,10.1875
BU_03,2023-07-01,13780568.859774102,13429809.221512722,-0.025453204568735743,-0.05510859624165376,13021141.054500503,16.38208490629735,0.4704683018211016,0.7721222124158577,10.35135135135135
BU_03,2023-08-01,13429809.221512722,13686611.538949084,0.019121814256676067,0.008312574031836025,13541445.50489998,16.421265651714208,0.4559314207129428,0.7866852200937502,11.025641025641026
BU_03,2023-09-01,13686611.538949084,13621958.723031905,-0.004723800024073987,-0.0032903906208151946,13641577.240710584,16.42863291048304,0.47663817135608216,0.752576012312927,11.088888888888889
BU_03,2023-10-01,13621958.723031905,13498336.55159431,-0.009075212599827924,0.018458028656776208,13873393.22750305,16.44548347954825,0.4616602856912981,0.7387248807794133,11.38
BU_03,2023-11-01,13498336.55159431,14063745.60161555,0.04188731314114843,0.019774156178188465,13765254.766711285,16.437658277331465,0.4548507951326255,0.688994968231738,12.019607843137255
BU_03,2023-12-01,14063745.60161555,14936371.848704346,0.06204792605097706,-0.015411247417130776,13847005.738537468,16.443579647279144,0.4472258667509446,0.7114078078848899,12.574074074074074
BU_03,2024-01-01,14936371.848704346,14632082.226139234,-0.02037239201376114,-0.04487322901097726,14266128.614144322,16.47339872730698,0.46438402500696035,0.7594580035297427,13.267857142857142
BU_03,2024-02-01,14632082.226139234,14998676.229913192,0.025054124088987273,0.008484670809984444,14756230.62709265,16.50717603472193,0.4584507774128911,0.7520186594008428,13.796610169491526
BU_03,2024-03-01,14998676.229913192,15241736.96684456,0.016205479284005817,0.0009101434524681047,15012327.176879536,16.52438229996796,0.4480126148219099,0.7432622018402896,14.633333333333333
BU_03,2024-04-01,15241736.96684456,15478060.993319824,0.015505058707504321,0.007892020334097982,15362025.06491387,16.547409182252895,0.405262772395438,0.7662476612167048,15.290322580645162
BU_03,2024-05-01,15478060.993319824,16364918.164338538,0.0572976919655164,0.022028466164079184,15819018.936196724,16.57672356744901,0.4348819943949344,0.7072353033838915,16.063492063492063
BU_03,2024-06-01,16364918.164338538,15627905.788776498,-0.04503611739214767,-0.025449731036085988,15948435.398628565,16.584871350955787,0.4119739003347105,0.7136880023427965,16.515151515151516
BU_03,2024-07-01,15627905.788776498,15050692.415551923,-0.036934787106223325,0.023913917917772417,16001630.24503598,16.58820122782197,0.3925687284976672,0.655060881976504,16.869565217391305
BU_03,2024-08-01,15050692.415551923,15222785.5791961,0.0114342356413019,0.05013300864096116,15805228.908473236,16.575851450091903,0.4010268532000325,0.6626485620244261,17.164383561643834
BU_03,2024-09-01,15222785.5791961,16348566.309349967,0.07395366139114463,0.022229320011134687,15561177.751296936,16.560289829069976,0.36615734919171544,0.603043514390043,17.644736842105264
BU_03,2024-10-01,16348566.309349967,16047754.011998078,-0.01839991909136709,-0.0317561870081999,15829398.180314293,16.57737947664002,0.39079537701326283,0.6410257352031964,17.987179487179485
BU_03,2024-11-01,16047754.011998078,16485374.812062776,0.02726990952986389,0.006757366500390144,16156194.567365255,16.597814160529367,0.38514115576158786,0.6222364973524677,18.987179487179485
BU_03,2024-12-01,16485374.812062776,15812535.516075509,-0.04081431594111728,-0.002944416164054179,16436835.007995646,16.615035472135524,0.37282400959123796,0.6337650765950772,19.987179487179485
BU_03,2025-01-01,15812535.516075509,15772042.678169023,-0.0025608061316491062,0.04776064827194736,16567752.463146467,16.62296880164424,0.35412649469525154,0.6173613233291123,20.897435897435898
BU_03,2025-02-01,15772042.678169023,15738684.571970953,-0.0021150149589845716,0.0342524495403885,16312273.774151862,16.607428436003325,0.3601109008102928,0.6428508129099435,21.475
BU_03,2025-03-01,15738684.571970953,16601080.38517868,0.054794656393557115,0.0436106644209906,16425059.063267,16.61431877914817,0.3466527671449147,0.6324523219003225,22.25925925925926
BU_03,2025-04-01,16601080.38517868,16438856.080727495,-0.009771912471191755,0.004927100426124545,16682875.575418621,16.62989339658582,0.34374279817479936,0.743396085718953,23.036585365853657
BU_03,2025-05-01,16438856.080727495,16176549.668350108,-0.015956488157646734,0.050677206078219766,17271931.37802072,16.664593336047574,0.3704683542805921,0.6951215275508863,23.36470588235294
BU_03,2025-06-01,16176549.668350108,16889577.28107868,0.04407785512652508,0.07737527388694432,17428214.629484456,16.673601038732123,0.36039029289676194,0.664226446433724,24.392857142857142
BU_03,2025-07-01,16889577.28107868,17164636.133073635,0.01628571558763056,0.008990397165275587,17041421.288789194,16.65115754353416,0.30925356108359786,0.5212586825257708,24.91860465116279
BU_03,2025-08-01,17164636.133073635,17734194.33270287,0.033182072443224374,0.04168489046633338,17880142.110175278,16.699201331602403,0.32589544705185813,0.576445529132832,25.67816091954023
BU_03,2025-09-01,17734194.33270287,17423137.74546049,-0.017539933385571038,0.020550271269712414,18098636.836989712,16.71134723577918,0.29356020424670115,0.5374233914151388,26.079545454545453
BU_03,2025-10-01,17423137.74546049,17834443.070771538,0.02360684575418739,0.06860742177800322,18618494.305459548,16.739666015885085,0.30429336222264,0.513264301007908,26.831460674157302
BU_03,2025-11-01,17834443.070771538,17737058.124030508,-0.005460498337659424,0.02431569385494901,18268099.928553935,16.720666978154288,0.2948666116528016,0.5518389751549803,27.244444444444444
BU_04,2022-07-01,9834564.90827622,10221972.059918456,0.03939240375710112,0.014071204960187203,9972949.08679484,16.115386994537914,0.6577440292274895,0.8111232544622622,5.714285714285714
BU_04,2022-08-01,10221972.059918456,10189522.780645972,-0.0031744637025296783,-0.007064182995102848,10149762.178716363,16.1329609310337,0.63747657047916,0.777590826320717,6.333333333333333
BU_04,2022-09-01,10189522.780645972,10428040.701098649,0.02340815419792954,0.02768139894634579,10471583.025809912,16.16417586326667,0.6442159008742968,0.7651973467467911,6.909090909090909
BU_04,2022-10-01,10428040.701098649,11151769.866975198,0.06940221913406035,0.03634957952050339,10807095.59580628,16.195713568508175,0.5649787490647384,0.7332236103173441,7.285714285714286
BU_04,2022-11-01,11151769.866975198,11179079.447462823,0.00244890100974018,-0.030854928906529286,10807682.800547702,16.195767902138293,0.5823624622967521,0.7306743469444442,8.066666666666666
BU_04,2022-12-01,11179079.447462823,11049233.392256515,-0.011615093695015979,0.00597783647259133,11245906.156313863,16.23551481209274,0.5862013653719111,0.7374783317037071,8.05
BU_04,2023-01-01,11049233.392256515,10921333.674594466,-0.011575438143218486,0.0380196078671181,11469320.913062375,16.255186369054805,0.48580658861928194,0.8131384277461131,8.521739130434783
BU_04,2023-02-01,10921333.674594466,10733812.438561836,-0.017170177344626593,0.03774576896104016,11333567.812222136,16.243279571245488,0.5207266546196385,0.7625140119720146,9.333333333333334
BU_04,2023-03-01,10733812.438561836,11442310.824215364,0.06600622003680691,0.0747161451267934,11535801.526485203,16.260966020337225,0.5059694242838045,0.7402906391989589,9.571428571428571
BU_04,2023-04-01,11442310.824215364,12127280.891518284,0.05986291386642965,0.036443625107494014,11859310.11025649,16.28862386470827,0.5209636927659804,0.8562001893853645,10.379310344827585
BU_04,2023-05-01,12127280.891518284,12310317.729507657,0.015092982477002534,0.0076175102869987755,12219660.578462748,16.318556817254084,0.5271954490280141,0.8227278555675501,10.78125
BU_04,2023-06-01,12310317.729507657,12946569.502134224,0.051684431434412224,0.02248617744543614,12587129.718383064,16.34818547840944,0.5053851084953234,0.8191264559324554,11.575757575757576
BU_04,2023-07-01,12946569.502134224,12792252.123422474,-0.011919557430739604,-0.03564216655987943,12485125.715560101,16.340048631068623,0.4872303083916183,0.710464192560505,12.352941176470589
BU_04,2023-08-01,12792252.123422474,13155544.157016708,0.028399380350630377,0.004431643941104517,12848942.83003832,16.36877217371262,0.46477249773362206,0.7359881528365482,12.282051282051283
BU_04,2023-09-01,13155544.157016708,12696549.508582143,-0.03488982614145632,-0.016970309801434262,12932290.497065686,16.375237958330125,0.47897260783137674,0.7195495972677154,12.177777777777777
BU_04,2023-10-01,12696549.508582143,12792097.605475092,0.007525516820799551,0.04212015315044159,13231330.118365787,16.398098144663017,0.48566132819390784,0.6766925656320202,13.177777777777777
BU_04,2023-11-01,12792097.605475092,12923332.296321873,0.010259043895241318,0.018942469410649435,13034411.523064846,16.383103535140755,0.45678940582940025,0.6668856801576215,13.978260869565217
BU_04,2023-12-01,12923332.296321873,12864765.183889396,-0.004531889383448339,0.013387932402533645,13096348.99552051,16.387844123051718,0.44671296646598435,0.6847022262440954,14.76086956521739
BU_04,2024-01-01,12864765.183889396,14228414.52809344,0.10599877453742787,0.03800080365819305,13353636.599751135,16.407299385076875,0.46281547112545346,0.7494630915077627,14.9375
BU_04,2024-02-01,14228414.52809344,12768081.606410014,-0.1026349716477586,-0.06504543094339835,13302921.173472293,16.40349428134992,0.45050767365844585,0.7310569864782573,15.5
BU_04,2024-03-01,12768081.606410014,13660410.118435008,0.06988743802961092,0.08187477002068913,13813465.351540225,16.44115449689747,0.450152793403354,0.7249973440047831,16.714285714285715
BU_04,2024-04-01,13660410.118435008,13502884.805552332,-0.011531521492908403,-0.011525391544276524,13502968.543164648,16.418420185379993,0.45310545722188617,0.8077536883652651,17.215686274509803
BU_04,2024-05-01,13502884.805552332,14554635.394163989,0.07789080657632369,0.03328283796994935,13952299.132662421,16.451154936701588,0.4368358123674198,0.7099372286541091,17.71698113207547
BU_04,2024-06-01,14554635.394163989,13845097.549240096,-0.04874995667760927,-0.024228778317184913,14201994.359711336,16.46889303098925,0.4258348570957299,0.7115076945008137,17.596491228070175
BU_04,2024-07-01,13845097.549240096,14253009.903480653,0.02946258434003926,0.033397669431313844,14307491.54043391,16.47629391189073,0.40653358817971863,0.6075090000406883,18.596491228070175
BU_04,2024-08-01,14253009.903480653,14367029.816991132,0.007999707730690262,0.009391019266399323,14386860.19408842,16.481825930963204,0.39482571893320145,0.5872897758617277,19.596491228070175
BU_04,2024-09-01,14367029.816991132,14229018.326341942,-0.009606125441876013,0.0022800618489779386,14399787.533559982,16.482724079268955,0.3822233609150345,0.5743915807330235,20.596491228070175
BU_04,2024-10-01,14229018.326341942,14732460.32625901,0.035381358599071724,0.039826171727257505,14795705.65371713,16.50984760568476,0.4002220948657781,0.60408739608898,20.766666666666666
BU_04,2024-11-01,14732460.32625901,14383837.036928412,-0.023663616368897654,-0.013154293405824373,14538665.220537731,16.4923222941246,0.3912383193719948,0.5789225618950161,20.96825396825397
BU_04,2024-12-01,14383837.036928412,15185060.508539582,0.055703041514871536,0.028034440210726177,14787079.85634101,16.509264442409993,0.35699161125328926,0.6127455007259316,21.603174603174605
BU_04,2025-01-01,15185060.508539582,14560077.693093589,-0.04115774284169123,-0.02621948824720692,14786915.993002802,16.50925336082819,0.35691749462162536,0.6087791047378264,22.06153846153846
BU_04,2025-02-01,14560077.693093589,15234366.47908103,0.046310795876266644,0.04727407168725575,15248391.849728908,16.539984668561083,0.3541310275728954,0.5601192708011096,23.06153846153846
BU_04,2025-03-01,15234366.47908103,15512907.022502853,0.018283697179288662,3.3521435838636326e-05,15234877.1569195,16.5390979727933,0.351797026890579,0.5699771081322491,23.772727272727273
BU_04,2025-04-01,15512907.022502853,15226061.84371332,-0.018490743119483496,0.0007918296555856442,15525190.602327613,16.55797452724245,0.35156052757540884,0.7703483775723731,24.47761194029851
BU_04,2025-05-01,15226061.84371332,15366979.108324831,0.009255004088249766,0.060745818969516106,16150981.440090187,16.597491437986463,0.355101961931939,0.6234574216502323,25.176470588235293
BU_04,2025-06-01,15366979.108324831,15029725.71266758,-0.021946629411017333,0.04905713467355409,16120839.071967615,16.59562340733052,0.3585514196361635,0.6410278287874945,25.869565217391305
BU_04,2025-07-01,15029725.71266758,15866191.67273884,0.05565410680557246,0.06031485614453121,15936241.456918888,16.58410647310587,0.3328945810843128,0.5511633726303251,25.12
BU_04,2025-08-01,15866191.67273884,16826171.92615258,0.06050476845449742,0.01486363247547634,16102020.914547894,16.594455406824114,0.33697670328653595,0.5603002564096572,26.216216216216218
BU_04,2025-09-01,16826171.92615258,16242582.40589071,-0.034683439752259244,-0.027821216234648238,16358047.358593721,16.61023058853835,0.31568532686613293,0.5466233802383278,27.216216216216218
BU_04,2025-10-01,16242582.40589071,16320692.845582386,0.004808991436198437,0.06035168170854357,17222849.569375817,16.661747581555186,0.3267580778329057,0.5717850416795045,27.31168831168831
BU_04,2025-11-01,16320692.845582386,16378349.248033836,0.0035327178200682935,0.043374453842564116,17028593.984091766,16.650404546833233,0.3116184602136412,0.5479212211143769,28.012820512820515
BU_05,2022-07-01,10022695.692224726,9764793.14576663,-0.02573185442097853,0.034392589872131785,10367402.154580593,16.154177129808076,0.5785627384590453,0.8294196245152636,5.636363636363637
BU_05,2022-08-01,9764793.14576663,10678416.943252517,0.09356304673816598,0.07299754489465259,10477599.071811726,16.164750209851164,0.5675985539235887,0.7673764573289208,6.285714285714286
BU_05,2022-09-01,10678416.943252517,10331359.768659828,-0.03250080760444434,-0.002206292020712245,10654857.23715678,16.181526518607647,0.5789389629188538,0.765834904703114,6.882352941176471
BU_05,2022-10-01,10331359.768659828,10263522.881041776,-0.006566114155063594,0.0685127717565583,11039189.862424908,16.216962304680255,0.5206151234742551,0.7180571283530006,7.722222222222222
BU_05,2022-11-01,10263522.881041776,11143453.162380606,0.08573374771387601,0.07606394651082808,11044206.936477998,16.217416679859102,0.4998865605898385,0.7419423482404733,8.19047619047619
BU_05,2022-12-01,11143453.162380606,11230493.71832512,0.0078109141462859456,-0.002075951889297286,11120319.889734866,16.2242847033609,0.5249183499656828,0.6816820721904465,8.826086956521738
BU_05,2023-01-01,11230493.71832512,11868319.0762616,0.05679406212531182,0.038094531157103435,11658314.11118751,16.271530226831835,0.5172683828787599,0.7870327241751203,9.11111111111111
BU_05,2023-02-01,11868319.0762616,11928511.953851284,0.005071727276870965,-0.0057507872283371,11800066.898496006,16.28361584352917,0.48683169214635985,0.7130733864204875,9.6
BU_05,2023-03-01,11928511.953851284,12242506.880759966,0.026323059248584947,0.00603425485259838,12000491.63499309,16.300458259825717,0.476645751020347,0.7155134422154196,10.5
BU_05,2023-04-01,12242506.880759966,11800382.464191684,-0.036113879361024774,0.009365709769156011,12357166.647052059,16.329746828964602,0.5721986052624843,0.9004981777920522,11.290322580645162
BU_05,2023-05-01,11800382.464191684,12132045.955463666,0.028106164548345476,0.07585327738410819,12695480.148486583,16.356756673031818,0.5147352082045946,0.8123616068885553,11.848484848484848
BU_05,2023-06-01,12132045.955463666,12498477.465995934,0.030203603899740007,0.05855775783725845,12842471.364594199,16.36826838945005,0.49844830462654927,0.8391899821194749,11.64102564102564
BU_05,2023-07-01,12498477.465995934,13460394.368606022,0.07696272647825572,0.0013850122149281624,12515788.009954343,16.342501526002927,0.48462458163308786,0.7074290944951827,12.095238095238095
BU_05,2023-08-01,13460394.368606022,13932606.415048717,0.03508159074031632,-0.03551465941274636,12982353.04704373,16.37910161235309,0.4720485451048008,0.7171202143139729,12.906976744186046
BU_05,2023-09-01,13932606.415048717,13582686.946758606,-0.025115147723699445,-0.03634613647319546,13426210.000860037,16.41271939919676,0.4882827747928802,0.7344540200871554,13.326086956521738
BU_05,2023-10-01,13582686.946758606,14258860.725060895,0.04978203362506656,0.046339691331920826,14212104.46732951,16.469604657100973,0.4770213283369385,0.7129604300774345,13.9375
BU_05,2023-11-01,14258860.725060895,13577676.235173143,-0.04777271501716295,-0.029989316190346036,13831247.242262937,16.44244095569702,0.46780073472296474,0.7159998489391431,14.54
BU_05,2023-12-01,13577676.235173143,14530053.40334203,0.07014286919743604,0.04723571712501325,14219027.509032797,16.470091661372127,0.47671752066809325,0.7821129204945613,15.333333333333334
BU_05,2024-01-01,14530053.40334203,14554553.145461809,0.0016861426066159312,-0.022445459009972624,14203919.685264602,16.46902858905773,0.5035956018442462,0.7771755459183995,15.321428571428571
BU_05,2024-02-01,14554553.145461809,14559192.566773254,0.0003187608211037473,-0.018461120938279268,14285859.779640825,16.474780849419332,0.4746565529265813,0.7209690280633863,15.745762711864407
BU_05,2024-03-01,14559192.566773254,14795790.232462436,0.01625074087069504,-0.00627064365809055,14467897.058237499,16.487442826013094,0.46921560363964415,0.7222169138457892,16.0
BU_05,2024-04-01,14795790.232462436,14565663.52444566,-0.015553525996324969,-0.01113787569732811,14630996.560009528,16.498652956591748,0.48993217738433353,0.8549350140283479,17.0
BU_05,2024-05-01,14565663.52444566,15208246.79553852,0.044116306134245636,0.02688679041123898,14957287.46682806,16.52070926186506,0.48356035518776186,0.7518964578240454,17.6
BU_05,2024-06-01,15208246.79553852,15544069.52692142,0.022081620314145328,-0.007073361429652154,15100673.369242327,16.53024996100264,0.4618369149092603,0.7217228163459735,18.0
BU_05,2024-07-01,15544069.52692142,14752472.91395931,-0.050925956783139124,-0.025919169900725587,15141180.147904452,16.532928817983695,0.43241222497532134,0.658149221975754,19.03030303030303
BU_05,2024-08-01,14752472.91395931,14851038.237008188,0.006681274632649044,0.053171492947598355,15536883.923463533,16.558727427434334,0.4339168253588614,0.7012577666270049,19.984848484848484
BU_05,2024-09-01,14851038.237008188,15352055.299045917,0.033736164033920164,0.034712020733840984,15366547.784210281,16.547703547959816,0.42125447264103505,0.7129350522097021,20.746268656716417
BU_05,2024-10-01,15352055.299045917,15321732.765451465,-0.0019751448912730465,0.016582037608245573,15606623.657378562,16.563206039602544,0.41499562196957795,0.6695262695176925,21.5
BU_05,2024-11-01,15321732.765451465,15996230.539937044,0.04402229074289068,0.02494568030469803,15703943.812732434,16.569422500715017,0.44086432133131465,0.7248676369317649,22.10144927536232
BU_05,2024-12-01,15996230.539937044,15903246.738532923,-0.0058128570460379446,-0.009302940144695182,15847418.564683264,16.578517241543622,0.39467583951994073,0.6677478213810488,22.43661971830986
BU_05,2025-01-01,15903246.738532923,16170253.27635951,0.016789435655276633,0.013160275969794993,16112537.854427759,16.595108337672926,0.40643439763348166,0.6768170612595499,22.68918918918919
BU_05,2025-02-01,16170253.27635951,15412598.891066708,-0.04685482486538866,-0.007127212665496522,16055004.442403954,16.59153122449068,0.41371086870705903,0.6664867907006475,23.19736842105263
BU_05,2025-03-01,15412598.891066708,16209927.353240758,0.05173225280236092,0.06600555752285157,16429916.07374765,16.61461444275468,0.4062883116776829,0.6775982161757297,23.705128205128204
BU_05,2025-04-01,16209927.353240758,16575917.565561024,0.022578152532379853,0.012423859149923175,16411317.207507908,16.613481789365192,0.3907483820564187,0.8310446610340098,24.705128205128204
BU_05,2025-05-01,16575917.565561024,16265735.435718955,-0.018712818075695508,0.012795092277611426,16788007.960398458,16.63617543717377,0.40699728867379303,0.7831901062184569,24.938271604938272
BU_05,2025-06-01,16265735.435718955,15753993.013511404,-0.03146137623041523,0.05928816881983731,17230101.10421067,16.662168534441903,0.3943953198462766,0.7692893738099513,25.77777777777778
BU_05,2025-07-01,15753993.013511404,16794712.92763393,0.06606070684619147,0.08399305988606955,17077219.09213999,16.653255975006736,0.3661784849199606,0.635386389865291,26.51219512195122
BU_05,2025-08-01,16794712.92763393,16849630.094517495,0.0032699080430964125,0.00574071101053079,16891126.521056302,16.642299043279138,0.38466860461533275,0.6613734355351829,26.976190476190474
BU_05,2025-09-01,16849630.094517495,16796039.695260726,-0.0031805089462591065,0.035254888204689507,17443661.91979008,16.674486984196413,0.3490350177197359,0.6198767247279887,27.441860465116278
BU_05,2025-10-01,16796039.695260726,16808254.927325558,0.0007272685875039178,0.06444915476862398,17878530.257080536,16.69911117987702,0.37147821151356775,0.6226056806698869,28.476190476190474
BU_05,2025-11-01,16808254.927325558,17356178.509551324,0.03259848119836607,0.05149986490042298,17673877.785294693,16.6875983326737,0.3389547593645864,0.605840207181338,29.188235294117646
BU_06,2022-07-01,9961867.70941406,10054803.407629505,0.00932914398447797,-0.010914031200364726,9853143.574419608,16.103301208334038,0.4669059227382237,0.6390667110556323,5.833333333333333
BU_06,2022-08-01,10054803.407629505,10484433.480877072,0.04272883872812142,0.013650576106546991,10192057.26678172,16.137119373691174,0.47602904014916003,0.678342436533543,6.571428571428571
BU_06,2022-09-01,10484433.480877072,10662534.465623746,0.01698718248072428,0.011806518925385047,10608218.143190987,16.177139649489177,0.4921221928344603,0.7490540045053038,6.8
BU_06,2022-10-01,10662534.465623746,10246951.65680935,-0.038975987384073055,0.011589456412045982,10786107.44405503,16.19376960897813,0.5088859302494614,0.7936281896353157,6.647058823529412
BU_06,2022-11-01,10246951.65680935,11204845.45198058,0.09348085433141332,0.06467255953243463,10909648.247860333,16.205158207692108,0.5112062090279276,0.7363827604338534,7.5
BU_06,2022-12-01,11204845.45198058,11160063.081927191,-0.003996696808118171,-0.010016971315460975,11092606.836493917,16.221789483756027,0.4844330431998204,0.7077209659381882,8.15
BU_06,2023-01-01,11160063.081927191,10539966.445123402,-0.055563900692280566,0.0003597935611191511,11164078.400765752,16.228211985827834,0.46951174505072696,0.7027040693246805,8.458333333333334
BU_06,2023-02-01,10539966.445123402,11640857.660628818,0.10444921444837924,0.0799097798969322,11382212.843874265,16.247562505868405,0.4503958913922889,0.6527713540050027,9.115384615384615
BU_06,2023-03-01,11640857.660628818,11187074.756051762,-0.03898191334405024,-0.012039222094672227,11500710.789880041,16.257919486190254,0.43558830806974086,0.6409664956583904,10.115384615384615
BU_06,2023-04-01,11187074.756051762,11800939.667488078,0.05487269235456205,0.055609762407114766,11809185.325266432,16.284388288701507,0.5135721171264578,0.9234882340168119,10.482758620689655
BU_06,2023-05-01,11800939.667488078,12112236.429252708,0.026378980872367484,0.019124333005437203,12026624.767466193,16.30263356377523,0.49330203838941594,0.8255764955132613,11.064516129032258
BU_06,2023-06-01,12112236.429252708,11911284.049308889,-0.01659085678500233,0.0111447282468862,12247224.012718765,16.320809939719332,0.48459562779377024,0.7913429017025165,11.84375
BU_06,2023-07-01,11911284.049308889,12313402.158185238,0.03375942570185629,0.030370210932411257,12273032.258362265,16.322914995456383,0.4715170954152998,0.7325324147511857,12.235294117647058
BU_06,2023-08-01,12313402.158185238,13088954.614693351,0.06298441702341141,-0.0005888862683821167,12306150.964737216,16.32560985503919,0.45959704853266703,0.7199196070941286,12.368421052631579
BU_06,2023-09-01,13088954.614693351,12423319.505168434,-0.050854719045147476,-0.050215100809315405,12431691.43922797,16.3357596118392,0.4871062138393037,0.7391223522546806,13.153846153846153
BU_06,2023-10-01,12423319.505168434,13347274.800886853,0.07437265823631344,0.04363911111126513,12965462.125425227,16.3777996975221,0.4816625897336588,0.7403782862905951,13.707317073170731
BU_06,2023-11-01,13347274.800886853,12841432.956609704,-0.03789851125591111,-0.04116850121224565,12797787.502066366,16.36478294068676,0.44289464660478794,0.6811137481338815,14.142857142857142
BU_06,2023-12-01,12841432.956609704,13020721.489662085,0.013961723248346538,0.02805748785997029,13201731.305894403,16.395858614241032,0.4361395006710097,0.6937041297143339,15.142857142857142
BU_06,2024-01-01,13020721.489662085,13015189.608852357,-0.0004248520954941046,0.01707397173698826,13243036.92037177,16.398982532332607,0.4459360159346396,0.7127673900343557,15.4
BU_06,2024-02-01,13015189.608852357,13494149.474752774,0.03680006825061161,0.011854742083506179,13169481.324833231,16.39341276579682,0.4944736727110295,0.7486112581462857,16.152173913043477
BU_06,2024-03-01,13494149.474752774,13622855.272994747,0.009537896292224889,-0.006718050063211856,13403495.103020921,16.411026134102332,0.48380404118199655,0.72823178635007,16.645833333333332
BU_06,2024-04-01,13622855.272994747,13354841.914771786,-0.01967380206660915,0.019491150515465728,13888380.395571094,16.44656317774389,0.4091531028288813,0.8026480269158024,16.673076923076923
BU_06,2024-05-01,13354841.914771786,14103204.29128593,0.056036782860483046,0.06339349053287792,14201451.959263952,16.46885483841197,0.4462620618401283,0.7683289183306222,16.85185185185185
BU_06,2024-06-01,14103204.29128593,14520909.541300096,0.02961775504253715,-0.0006092141145998238,14094612.420170594,16.46130325541926,0.3976667091486843,0.7035640075388954,17.72222222222222
BU_06,2024-07-01,14520909.541300096,14541938.454372942,0.00144818153525692,-0.021287089578084843,14211801.639139174,16.469583349109882,0.39777141078199646,0.7019661487093548,18.232142857142858
BU_06,2024-08-01,14541938.454372942,14364747.037463252,-0.012184855373006153,-0.0029062618441920355,14499675.77350241,16.48963691565975,0.3950852850205115,0.6824871149036259,18.508474576271187
BU_06,2024-09-01,14364747.037463252,14705600.0992422,0.02372844164188921,0.032399907666492915,14830163.515129589,16.512173807453095,0.37853253503766665,0.6479206510903889,19.0327868852459
BU_06,2024-10-01,14705600.0992422,14500690.92310604,-0.013934091417780202,0.032577267530684906,15184668.367874479,16.53579688262431,0.3910006423852326,0.6436655705710888,19.555555555555557
BU_06,2024-11-01,14500690.92310604,15451867.280373173,0.06559524386189665,0.04811843404335314,15198441.462872569,16.536703511018285,0.3653897415560737,0.6197534447761078,20.3125
BU_06,2024-12-01,15451867.280373173,15814249.898480762,0.02345235119692519,-0.007327974642171472,15338636.3887684,16.545885522628694,0.3627397178729322,0.6475604549402034,20.818181818181817
BU_06,2025-01-01,15814249.898480762,15078915.80346164,-0.04649819623058849,-0.008526701175021929,15679406.515289295,16.567858786157913,0.3438619383134041,0.6228729250409606,21.567164179104477
BU_06,2025-02-01,15078915.80346164,15203113.026757663,0.008236482311779484,0.06195376268698534,16013111.374726335,16.58891846799849,0.3405746089709388,0.6068674569125206,21.34722222222222
BU_06,2025-03-01,15203113.026757663,16015375.986768,0.053427410463945384,0.032622549759705306,15699077.337975489,16.569112564007806,0.3449549679527507,0.6057636486275202,21.653333333333332
BU_06,2025-04-01,16015375.986768,15930630.282745678,-0.00529152135375025,-0.01706821377967398,15742022.125663986,16.57184432672576,0.3905376075162247,0.7342797675015522,22.453333333333333
BU_06,2025-05-01,15930630.282745678,16091310.596968044,0.010086249656826009,0.0299506901856461,16407763.654806266,16.613265235311538,0.3732224305666478,0.6584096854055221,22.743589743589745
BU_06,2025-06-01,16091310.596968044,15123479.254272064,-0.06014620977351218,0.021469241786929272,16436778.834842928,16.615032054613522,0.3617070384551865,0.6609286131784672,23.50632911392405
BU_06,2025-07-01,15123479.254272064,16583466.275313836,0.09653777391398582,0.08397789558532534,16393517.215974158,16.612396583936892,0.32211668372871477,0.5655786220894616,24.02469135802469
BU_06,2025-08-01,16583466.275313836,16592958.400266832,0.0005723848558202899,-0.030204278462144494,16082574.642066674,16.59324698563361,0.3279742674624389,0.5863929956487849,25.125
BU_06,2025-09-01,16592958.400266832,16091961.781618267,-0.030193326986253873,-0.004508656701455181,16518146.447178502,16.619970179767645,0.31772762918850983,0.6005593329313114,25.864197530864196
BU_06,2025-10-01,16091961.781618267,16326684.57330777,0.0145863378794265,0.06435330383178442,17127532.68740021,16.65619788371758,0.3068225141442591,0.5229222382260308,26.77777777777778
BU_06,2025-11-01,16326684.57330777,16158993.196889786,-0.01027099994888976,0.03172660381994955,16844674.826458387,16.639545190141227,0.3081015394756098,0.5331165505137908,27.77777777777778
BU_07,2022-07-01,10172580.491050756,9279545.839188572,-0.0877884085211047,-0.06833808457170007,9477405.825140903,16.06442129516006,0.5448876910723547,0.7936271501927906,5.571428571428571
BU_07,2022-08-01,9279545.839188572,9901085.678366087,0.06697955373555915,0.06906557034737569,9920442.965136748,16.110108232809676,0.551157067739584,0.78586227002248,6.1
BU_07,2022-09-01,9901085.678366087,10198199.64371725,0.030008220815658397,0.04092709766102598,10306308.378874762,16.148266826716725,0.5283157051047779,0.7802618817975264,6.5
BU_07,2022-10-01,10198199.64371725,11215306.16752813,0.0997339294526837,0.0404674602804918,10610894.882731903,16.177391944606278,0.4827609113649952,0.6835137583485763,7.5
BU_07,2022-11-01,11215306.16752813,10570386.55910151,-0.05750352231077438,-0.036719641553323905,10803484.145145714,16.19537933866305,0.435429436977183,0.7029558254816375,8.266666666666667
BU_07,2022-12-01,10570386.55910151,11466663.993872523,0.08479135836326468,0.061475369379362446,11220204.977304924,16.233226815938885,0.5035398711324865,0.714571052651513,9.0
BU_07,2023-01-01,11466663.993872523,11591283.1525423,0.010867952417230533,-0.02745812302826949,11151810.923204944,16.227112546991318,0.424562449427719,0.7308781595395453,8.894736842105264
BU_07,2023-02-01,11591283.1525423,10697203.82382732,-0.07713376655102093,-0.041620807429202974,11108844.588592973,16.22325224879969,0.5098326612261768,0.7134724209681549,8.72
BU_07,2023-03-01,10697203.82382732,10767229.5874131,0.006546174564777575,0.05789772671208116,11316547.607402705,16.241776690910903,0.5024246276774166,0.6926398822578883,9.068965517241379
BU_07,2023-04-01,10767229.5874131,11548788.187142486,0.07258678691527372,0.06443857997339067,11461054.572273478,16.254465374282496,0.4241538509611662,0.8547263399790489,10.068965517241379
BU_07,2023-05-01,11548788.187142486,11437235.161618697,-0.00965928404921164,-0.005136077949609849,11489472.710789789,16.25694184466709,0.4859360182336919,0.7875174213688821,10.866666666666667
BU_07,2023-06-01,11437235.161618697,12301165.915191095,0.07553667834614392,0.03188658553937686,11801929.53893362,16.28377368104843,0.4725388683905235,0.7696207502896479,11.466666666666667
BU_07,2023-07-01,12301165.915191095,11759956.09664113,-0.043996627822213794,-0.04375376931896567,11762943.5393835,16.28046485509541,0.3960527718346639,0.5962489324000289,12.225806451612904
BU_07,2023-08-01,11759956.09664113,12330052.40714607,0.04847775840487788,0.030003145792324368,12112791.773919988,16.309772706110504,0.3985528409550886,0.5834899802191336,12.96875
BU_07,2023-09-01,12330052.40714607,12255212.91351982,-0.006069681713832423,-0.015011597102155333,12144958.628161533,16.31242479625986,0.4321423717897363,0.5911620214243655,13.441176470588236
BU_07,2023-10-01,12255212.91351982,12275899.628335278,0.0016879930982379686,0.02172990121709025,12521517.479525015,16.34295920058899,0.4150339441399505,0.5896432567636672,14.17142857142857
BU_07,2023-11-01,12275899.628335278,12150353.39094982,-0.010227049844532203,0.017496907813483502,12490689.912459837,16.340494197822405,0.37371194583347483,0.5188542545676265,14.368421052631579
BU_07,2023-12-01,12150353.39094982,12829983.829567237,0.05593503470636827,0.039282818749669705,12627653.520950936,16.351399770109577,0.39226632037701215,0.5501221341288131,15.102564102564102
BU_07,2024-01-01,12829983.829567237,12510163.12462189,-0.024927600002761195,-0.010588147482235162,12694138.068585087,16.35665095424664,0.38041377148445416,0.640311599433249,15.560975609756097
BU_07,2024-02-01,12510163.12462189,13285726.75586638,0.061994685722208016,0.024993086128746227,12822830.70908023,16.366737867209473,0.38497739092492095,0.5914476078997577,16.023255813953487
BU_07,2024-03-01,13285726.75586638,13603397.114729434,0.023910649729626938,-0.019172396924749462,13031007.529069146,16.38284234664829,0.3930899171598278,0.6789869550533296,16.23913043478261
BU_07,2024-04-01,13603397.114729434,13435471.32253165,-0.012344401239008039,-0.018787469723720928,13347823.703296702,16.406863985960506,0.4202201290012626,0.8384515154021746,16.97872340425532
BU_07,2024-05-01,13435471.32253165,12959236.815675164,-0.035446058826222794,0.020885285961065772,13716074.983124422,16.43407913229329,0.4313857005708816,0.6889126445308796,17.604166666666668
BU_07,2024-06-01,12959236.815675164,14089643.404594362,0.0872278672731628,0.08040649914882989,14001243.679664234,16.45465678931796,0.38636258000811613,0.6562193589386709,18.3265306122449
BU_07,2024-07-01,14089643.404594362,13690610.219308376,-0.028321027993928393,-0.031472244164946345,13646210.707167942,16.42897251046609,0.37993633432521917,0.5748708784754323,18.5
BU_07,2024-08-01,13690610.219308376,14027093.531848846,0.024577670910966028,0.045867355392767116,14318562.303781243,16.47706738651535,0.3408177764535612,0.62004468971288,19.22641509433962
BU_07,2024-09-01,14027093.531848846,14639296.180185754,0.043644297868755726,0.01726742542809135,14269305.323382908,16.47362137743636,0.33186992815547567,0.5702825060668102,19.672727272727272
BU_07,2024-10-01,14639296.180185754,15089604.340928428,0.030760232951100808,-0.005311891343295729,14561533.829534283,16.493894009293502,0.34380603421115746,0.5284674902267101,20.618181818181817
BU_07,2024-11-01,15089604.340928428,14644574.871175991,-0.02949245452018624,-0.026072365168641393,14696182.666301426,16.50309840350596,0.33287685203200573,0.6231046057335077,20.379310344827587
BU_07,2024-12-01,14644574.871175991,14684061.771356843,0.002696350049639997,0.017579633616693773,14902021.131883506,16.517007475256666,0.34585171794858316,0.5772467229129585,20.57377049180328
BU_07,2025-01-01,14684061.771356843,14434713.776825838,-0.016980859820229784,0.003234811260272181,14731561.93972136,16.50550288869738,0.34518442249452186,0.6443330498815296,20.553846153846155
BU_07,2025-02-01,14434713.776825838,14577116.694661278,0.009865309422626777,0.013241874364874904,14625856.443151494,16.49830157795516,0.3412475979736061,0.6454597189307003,21.553846153846155
BU_07,2025-03-01,14577116.694661278,14202251.293634888,-0.02571601839228475,0.0021392512916996514,14608300.810379589,16.497100542226377,0.33667187764246015,0.642222517815307,22.029850746268657
BU_07,2025-04-01,14202251.293634888,15010811.963800356,0.05693186618433133,0.05574342488616941,14993933.421836127,16.523156305408538,0.3205781151665202,0.762036040720399,22.764705882352942
BU_07,2025-05-01,15010811.963800356,14425016.1879715,-0.039024922651855434,0.018415309732401224,15287240.715448573,16.542529163688386,0.32236915284381135,0.7655651694485226,23.492753623188406
BU_07,2025-06-01,14425016.1879715,15363194.71264686,0.06503829960743289,0.08092877223945844,15592415.037598347,16.56229520257384,0.32728662931418706,0.6800902490195805,24.492753623188406
BU_07,2025-07-01,15363194.71264686,15985114.134964751,0.04048112609065166,0.0005730697914332092,15371998.895436585,16.548058223864672,0.2913112631239562,0.5735327142440245,25.492753623188406
BU_07,2025-08-01,15985114.134964751,16025165.519519033,0.002505542607711268,-0.012342079057409803,15787824.592569297,16.574749668868876,0.3031472651643727,0.5622548432591665,26.185714285714287
BU_07,2025-09-01,16025165.519519033,15705279.161734164,-0.019961501015090293,0.012234071209207824,16221218.53562417,16.601830790978283,0.2916071445213926,0.5844995494544363,26.569444444444443
BU_07,2025-10-01,15705279.161734164,16529395.902220096,0.05247386767208119,0.0486559405041309,16469434.290228268,16.617016814391036,0.2938583090990711,0.6116219551305078,26.95945945945946
BU_07,2025-11-01,16529395.902220096,16059902.265685612,-0.028403556869941355,-0.020068227446203134,16197680.225706005,16.600378655742254,0.2859113289083049,0.5834643010603378,27.653333333333332
BU_08,2022-07-01,9484534.353047486,10073574.567775674,0.06210533831204086,0.023938757346906613,9711582.31947349,16.088829887682433,0.7314706752988054,0.7735491091809993,5.2
BU_08,2022-08-01,10073574.567775674,10241924.684985967,0.016712053509667545,0.004892583574189247,10122860.373239344,16.13030692625017,0.6723113087750364,0.8037695114328096,5.75
BU_08,2022-09-01,10241924.684985967,10799863.692092257,0.05447599199046968,0.033448102584497555,10584497.632512076,16.17490109558255,0.6546890353706518,0.7830082210589085,6.4
BU_08,2022-10-01,10799863.692092257,10986322.380038649,0.01726491123058513,0.0070813539995824995,10876341.3500432,16.202100561808344,0.6104210674946914,0.7617686923945929,6.846153846153846
BU_08,2022-11-01,10986322.380038649,11044056.23294234,0.005255066336719763,-0.000676353100830528,10978891.746830186,16.211485146231198,0.6123187457454727,0.8038199031292546,7.055555555555555
BU_08,2022-12-01,11044056.23294234,11438754.008768782,0.03573847936857945,0.017158530027881105,11233556.00344489,16.23441601774215,0.5979849750272633,0.7512717777466186,7.619047619047619
BU_08,2023-01-01,11438754.008768782,11067474.643167472,-0.03245802517622926,0.001966619026831496,11461249.680045672,16.254482397680583,0.5151030184312068,0.8186180351982715,7.923076923076923
BU_08,2023-02-01,11067474.643167472,11057033.178558636,-0.0009434369578864241,0.03526553431273523,11457775.049951421,16.254179188459545,0.5780395333559479,0.8052967785198198,8.517241379310345
BU_08,2023-03-01,11057033.178558636,11881515.290779725,0.07456630534670833,0.04624750407492692,11568393.36554063,16.2637873138733,0.5697578736151895,0.7985932909326576,9.517241379310345
BU_08,2023-04-01,11881515.290779725,12178010.506530842,0.024954326825737696,-0.012450360709022397,11733586.139639752,16.27796598288556,0.45609844953014483,0.7785669161543818,10.161290322580646
BU_08,2023-05-01,12178010.506530842,11957975.176472098,-0.01806824932042416,0.0011169560545035771,12191612.80909792,16.31625888064391,0.5344220000295833,0.7803614046994527,11.161290322580646
BU_08,2023-06-01,11957975.176472098,11829745.498029036,-0.010723360481242625,0.0481121140585222,12533298.6420715,16.343899631555807,0.5112989590173038,0.7694765683917839,11.342857142857143
BU_08,2023-07-01,11829745.498029036,12157050.632952187,0.027667977724261553,0.04306571901755485,12339201.99369634,16.328291987134953,0.5221754040177372,0.6974083319257034,12.13888888888889
BU_08,2023-08-01,12157050.632952187,12468872.693255063,0.02564948273372074,0.01485916305603127,12337694.230587652,16.32816978675978,0.5211439556215351,0.7172595576184295,12.91891891891892
BU_08,2023-09-01,12468872.693255063,12632563.098862836,0.013127923400510779,0.010428924974636008,12598909.631091308,16.349120910334115,0.5540018748783334,0.7526946115771933,13.461538461538462
BU_08,2023-10-01,12632563.098862836,14039291.719733693,0.11135733974663369,0.04078064837466452,13147727.212668324,16.391759542170504,0.5372817088059432,0.7403456318244324,13.785714285714286
BU_08,2023-11-01,14039291.719733693,13304535.023804195,-0.05233573819801181,-0.05330745470909224,13290892.812236255,16.402589682922773,0.524989098887399,0.7062543137527271,14.55813953488372
BU_08,2023-12-01,13304535.023804195,13614173.34237515,0.023273140926530416,0.04230266581818779,13867352.32278256,16.44504795380728,0.5182626739394396,0.6911841985552469,15.0
BU_08,2024-01-01,13614173.34237515,13493629.7198568,-0.008854274107348717,0.027831469362475342,13993075.790648893,16.454073250313037,0.49976123756891055,0.7343005671484171,15.755555555555556
BU_08,2024-02-01,13493629.7198568,13672210.791751403,0.013234472532754369,0.02512760730147933,13832692.348528933,16.442545431500843,0.5218172789925858,0.7618501782021045,15.58
BU_08,2024-03-01,13672210.791751403,14420577.978382654,0.054736369854884726,0.025341781802488972,14018688.974393602,16.45590199543274,0.5150294338952389,0.7636985740913284,15.722222222222221
BU_08,2024-04-01,14420577.978382654,14656959.874821763,0.016391984897793987,-0.021878870376099084,14105072.022045191,16.46204507943746,0.4665319977562907,0.8225082235444457,15.913793103448276
BU_08,2024-05-01,14656959.874821763,14489494.485477228,-0.011425656532785742,0.0009190547663601913,14670430.423655069,16.501344558252185,0.49433048154851356,0.7604475436327072,16.327868852459016
BU_08,2024-06-01,14489494.485477228,14994728.321794942,0.03486897605876509,0.04781198989408934,15182266.049387328,16.5356386632729,0.4926773419856392,0.755646987058117,16.936507936507937
BU_08,2024-07-01,14994728.321794942,16091081.576554973,0.07311591322174697,0.0038531541878586264,15052505.322023869,16.527055068318916,0.4866656673073688,0.7134753198662233,17.53846153846154
BU_08,2024-08-01,16091081.576554973,15247298.906643769,-0.05243790890604968,-0.059165767544589715,15139040.38445549,16.532787487222322,0.4829750620182685,0.7020786298984782,18.26153846153846
BU_08,2024-09-01,15247298.906643769,14973326.832570655,-0.017968564514317647,0.028182476890618993,15677005.555724617,16.56770564622527,0.45959188412472557,0.6907060812871626,19.045454545454547
BU_08,2024-10-01,14973326.832570655,16003568.390919456,0.06880512059001966,0.05607984353030905,15813028.658469396,16.576344820078816,0.4661556413107032,0.730062922894521,19.391304347826086
BU_08,2024-11-01,16003568.390919456,14998504.5108639,-0.06280248601467138,-0.030181782972986283,15520552.162951382,16.55767571402693,0.45685769858475916,0.71099368709301,19.54794520547945
BU_08,2024-12-01,14998504.5108639,15761456.019819712,0.05086850548354216,0.06256687366445814,15936914.047750928,16.584148677323135,0.4476058682416347,0.738671338640539,20.0
BU_08,2025-01-01,15761456.019819712,15606192.461206315,-0.00985083855312329,-0.0032464670708743735,15710286.971862333,16.569826340545173,0.41965971497235055,0.72973609658119,20.786666666666665
BU_08,2025-02-01,15606192.461206315,15664385.911842676,0.0037288692152821624,0.016974958683604182,15871106.933443667,16.580010903137207,0.4310493656431434,0.7100373169106811,21.786666666666665
BU_08,2025-03-01,15664385.911842676,15379556.805620806,-0.018183228364319824,0.009911062051683557,15819636.612616466,16.57676261312716,0.43352534843959434,0.7140577713244273,22.272727272727273
BU_08,2025-04-01,15379556.805620806,15822340.850266764,0.028790429414983675,0.04581285986683405,16084138.286370726,16.593344206895324,0.4341163251473771,0.8275983066373134,23.03846153846154
BU_08,2025-05-01,15822340.850266764,15712904.40294099,-0.006916577538141485,0.02818106522976564,16268231.269855717,16.604724823621595,0.46253897368160435,0.7913951015645655,23.58974358974359
BU_08,2025-06-01,15712904.40294099,15703757.438235717,-0.0005821307423954968,0.04953405347100334,16491228.249821033,16.618339236925472,0.44967549004721635,0.7508561807666054,24.58974358974359
BU_08,2025-07-01,15703757.438235717,16463863.886938987,0.04840283936458119,0.039837613128308504,16329357.651720949,16.608475189939078,0.40130247939542407,0.6865272943600208,25.329113924050635
BU_08,2025-08-01,16463863.886938987,16410541.955424927,-0.003238725239727058,0.000562092032776334,16473118.09365855,16.617240464530774,0.4041456900496823,0.7302855887576984,26.329113924050635
BU_08,2025-09-01,16410541.955424927,16366163.527921624,-0.002704263370694608,0.029738661052719054,16898569.500328735,16.642739590536358,0.3884089058837784,0.6508110450856769,26.77777777777778
BU_08,2025-10-01,16366163.527921624,16775183.83158758,0.024991825541040347,0.06316007110519235,17399851.58006436,16.671972291738772,0.3794985558759445,0.6744514148996746,27.5
BU_08,2025-11-01,16775183.83158758,16558925.356008284,-0.01289157112973521,0.013083383705972814,16994659.99839447,16.648409793775688,0.3667354731757505,0.6593131726416617,28.24390243902439
BU_09,2022-07-01,9289011.112335268,9128346.058581855,-0.017296249494207126,-0.013553807361114407,9163109.645143425,16.030696269083812,0.5308402224764585,0.7149036889110916,5.333333333333333
BU_09,2022-08-01,9128346.058581855,9554949.69535795,0.04673394654829407,0.04841346826096554,9570280.950764118,16.074173224934967,0.47438271772203267,0.7098643720117289,5.8
BU_09,2022-09-01,9554949.69535795,9695200.633666698,0.01467835444250273,0.04016228440318401,9938698.302481033,16.111946715189326,0.4897589549685959,0.6943638071916284,6.285714285714286
BU_09,2022-10-01,9695200.633666698,10624281.798625994,0.09582897766272637,0.049475850215377856,10174878.928026028,16.1354324885379,0.49234248740598235,0.7605695357302908,6.6
BU_09,2022-11-01,10624281.798625994,9880902.363651471,-0.06996985293355662,-0.04393081667246432,10157548.422653956,16.133727772463878,0.4849917219595025,0.6804742861579761,7.0
BU_09,2022-12-01,9880902.363651471,10200910.370120708,0.03238651640223052,0.07429097531536909,10614964.237243075,16.177775378243012,0.5287344535624249,0.7735042852018265,7.6
BU_09,2023-01-01,10200910.370120708,10304531.445524797,0.010158022337653652,0.02816636015575637,10488232.885522118,16.16576460447471,0.41367700861586837,0.665189668342328,8.0
BU_09,2023-02-01,10304531.445524797,10884660.523016732,0.056298443122698445,0.015370562472254694,10462917.889855549,16.163348030240577,0.4723885919835922,0.6859820327408244,8.789473684210526
BU_09,2023-03-01,10884660.523016732,10846844.082359675,-0.0034742875606538323,-0.017179657770602506,10697665.780282117,16.18553621773649,0.45933672666016273,0.6722371861938774,9.333333333333334
BU_09,2023-04-01,10846844.082359675,10502764.86935298,-0.031721596659278525,0.021761920098108456,11082892.236596627,16.2209133276334,0.4697785525691972,0.7924215618592418,10.19047619047619
BU_09,2023-05-01,10502764.86935298,11670579.794545682,0.11119119010274915,0.09339745470089332,11483696.375472508,16.256438968036143,0.47926217969113916,0.7782650484952067,11.1
BU_09,2023-06-01,11670579.794545682,11664896.14244131,-0.0004870068329448764,-0.010388351050527139,11549341.714676753,16.26213908549257,0.46169816239875744,0.7913325754516775,12.1
BU_09,2023-07-01,11664896.14244131,12102171.297036584,0.03748641644603263,0.0026713910175097796,11696057.641216412,16.27476247474302,0.48205981516767654,0.7447059486497005,12.043478260869565
BU_09,2023-08-01,12102171.297036584,11187989.605565991,-0.07553865079520446,-0.01229763535950887,11953343.207367314,16.296521647179986,0.4631068136742306,0.6678251275901772,12.115384615384615
BU_09,2023-09-01,11187989.605565991,12256920.194782874,0.09554268701546635,0.08015355601620501,12084746.757124444,16.30745469950838,0.4919325453044611,0.6822943723042862,12.033333333333333
BU_09,2023-10-01,12256920.194782874,11761758.732475895,-0.040398522176700015,-0.016414501827175586,12055728.955850065,16.30505061988781,0.49022901038096856,0.6743962937632824,12.303030303030303
BU_09,2023-11-01,11761758.732475895,12156263.395403557,0.03354129870377101,0.024195869735080366,12046344.714622326,16.30427191171095,0.4809341431914669,0.67563631044638,12.61111111111111
BU_09,2023-12-01,12156263.395403557,12483941.52250887,0.026955497462255854,0.00927570766951926,12269021.341012998,16.322588134703523,0.45915069976271394,0.6604320861738942,12.948717948717949
BU_09,2024-01-01,12483941.52250887,12525018.386086537,0.0032903761607344212,-0.0010529280691938077,12470796.830065647,16.338900295566738,0.5346453153600047,0.8110349416828053,13.30952380952381
BU_09,2024-02-01,12525018.386086537,12748764.973851584,0.01786397279972036,-0.0020215051227461204,12499698.997256573,16.341215201765046,0.4991073078135755,0.7566249373379876,14.093023255813954
BU_09,2024-03-01,12748764.973851584,12466392.524311746,-0.0221490042462152,-0.009708222032578052,12624997.132844279,16.351189385232164,0.49069332516424335,0.7531049156182937,15.093023255813954
BU_09,2024-04-01,12466392.524311746,12905564.432547424,0.035228467848995845,0.03194099471332992,12864581.502025083,16.3699885509386,0.4962005245566759,0.8728533438703234,15.840909090909092
BU_09,2024-05-01,12905564.432547424,12984758.767204955,0.006136448744373057,0.006475230309631463,12989130.934523957,16.379623560742097,0.4505431708401391,0.7779145802576818,15.854166666666666
BU_09,2024-06-01,12984758.767204955,13717000.896129075,0.05639243223936609,0.011202461158112026,13130220.022942023,16.390427079567765,0.4349652746083142,0.806224727838105,16.448979591836736
BU_09,2024-07-01,13717000.896129075,13294373.728348168,-0.030810464399705098,-0.03841201829699674,13190103.206727045,16.394977425096485,0.4374131534480986,0.6904977877301208,17.448979591836736
BU_09,2024-08-01,13294373.728348168,12812303.821104797,-0.03626119718715538,0.013695350149074206,13476444.831570549,16.41645396633701,0.4216538867872095,0.6761332539433408,18.448979591836736
BU_09,2024-09-01,12812303.821104797,13790593.942961974,0.07635552009356114,0.0706936223934568,13718051.989424223,16.43422325979996,0.3905951277931614,0.6068600270803236,19.16
BU_09,2024-10-01,13790593.942961974,13883482.953563493,0.006735678752177643,-0.0003330941272603138,13786000.377108142,16.439164242319514,0.41543175535345783,0.6688392660637268,19.862745098039216
BU_09,2024-11-01,13883482.953563493,14109083.916085612,0.016249594087931227,0.01224836824867667,14053532.965352964,16.45838444989935,0.393545340066568,0.6278802902745155,20.557692307692307
BU_09,2024-12-01,14109083.916085612,14373789.92090255,0.018761388506248075,0.028540917467098543,14511770.115670979,16.490470679139285,0.39829655419848414,0.6547841250215147,20.654545454545456
BU_09,2025-01-01,14373789.92090255,15652217.669774812,0.08894159132054347,0.016788799574178885,14615108.599005936,16.497566455576063,0.39300662949400894,0.7202140448437746,21.4
BU_09,2025-02-01,15652217.669774812,14225296.95002179,-0.09116412446195878,-0.061909449752136775,14683197.48643838,16.502214437965698,0.37925346910857965,0.6105060535399381,20.95
BU_09,2025-03-01,14225296.95002179,14692422.185680583,0.03283764390296803,0.0807112526000893,15373438.48546628,16.548151869625457,0.3725462432092473,0.6004081550167365,21.95
BU_09,2025-04-01,14692422.185680583,15058314.941273823,0.024903501340292542,0.03225921899463446,15166388.250530079,16.534592303911943,0.46011793362333897,0.8563810996860742,21.828125
BU_09,2025-05-01,15058314.941273823,14755507.810649864,-0.020108965166745527,0.02499912427680741,15434759.627890034,16.552132707400993,0.4636687080818252,0.7745417580641453,21.779411764705884
BU_09,2025-06-01,14755507.810649864,15194055.09680042,0.029720921284324235,0.06964145057818268,15783102.778601225,16.57445054470007,0.4447875749594354,0.7625969665242893,22.271428571428572
BU_09,2025-07-01,15194055.09680042,15336624.151030382,0.009383212929113574,0.031513685026945876,15672875.76340305,16.567442181618183,0.38801273820759696,0.691227093174374,22.52054794520548
BU_09,2025-08-01,15336624.151030382,16759960.047105234,0.0928063361309683,0.03281178877867752,15839846.223251956,16.57803929930732,0.38605671153493387,0.6784191824304701,23.27027027027027
BU_09,2025-09-01,16759960.047105234,16285647.262065263,-0.028300352966646455,-0.057014872315210297,15804393.065011503,16.575798564713537,0.37050618624055753,0.6599846854702062,23.28205128205128
BU_09,2025-10-01,16285647.262065263,15733117.127997387,-0.03392742856189108,0.022926489563866993,16659019.984059822,16.628462428514077,0.3764697663579115,0.6477851325849665,24.037974683544302
BU_09,2025-11-01,15733117.127997387,16276681.895102352,0.03454908284752299,0.053877721371033124,16580781.62891746,16.62375490974903,0.36168719213433415,0.6630155518355583,24.7875
BU_10,2022-07-01,9061583.547424056,9743552.825315416,0.07525939305445396,0.045000751823508746,9469361.619769676,16.06357215769861,0.592957648661447,0.8021464905414324,5.5
BU_10,2022-08-01,9743552.825315416,9286792.438130489,-0.04687821735806529,-0.022085717329999168,9528359.471825585,16.06978322219684,0.548074864023969,0.7741272845172396,5.857142857142857
BU_10,2022-09-01,9286792.438130489,9430937.962927876,0.015521562020223761,0.07111880281317293,9947257.998304756,16.112807593626552,0.5215860189172458,0.6867157422878002,6.3
BU_10,2022-10-01,9430937.962927876,10016817.478579031,0.0621231438436126,0.0770567573730075,10157655.461337095,16.133738310253527,0.500148002551767,0.6232687617117477,7.090909090909091
BU_10,2022-11-01,10016817.478579031,9997436.679056862,-0.001934826062630649,0.014756748616475518,10164633.13604754,16.13442501187815,0.5211247704722485,0.7393353252697447,7.833333333333333
BU_10,2022-12-01,9997436.679056862,9904764.377653718,-0.009269606237894861,0.06206952332992122,10617972.808246993,16.178058765391405,0.5142894219182857,0.7453504117623266,8.538461538461538
BU_10,2023-01-01,9904764.377653718,10729836.38766544,0.08330051867494984,0.09213077747927871,10817298.02051602,16.196657171802137,0.4764657554657333,0.7878317476265039,9.538461538461538
BU_10,2023-02-01,10729836.38766544,10317492.271722946,-0.038429674138974405,0.007192986724616049,10807015.95835922,16.195706199485443,0.4754213426043374,0.6923677791604768,9.5
BU_10,2023-03-01,10317492.271722946,11863306.490432696,0.1498246064061854,0.07681461587322222,11110026.477350283,16.2233586348216,0.46536717417071777,0.6753882018083897,9.88888888888889
BU_10,2023-04-01,11863306.490432696,11062176.45642168,-0.06753007980170592,-0.03581173429369679,11438460.910552632,16.252492086498666,0.4374823449398403,0.8064381668577552,10.047619047619047
BU_10,2023-05-01,11062176.45642168,12180858.653339792,0.10112677205295414,0.07946297212071024,11941209.875772694,16.29550607416804,0.4886722089657918,0.8211171383752435,10.291666666666666
BU_10,2023-06-01,12180858.653339792,12074905.371290702,-0.008698342626284316,0.0017524069529000076,12202204.474736197,16.317127269983082,0.47694848519215177,0.7732195045576462,10.807692307692308
BU_10,2023-07-01,12074905.371290702,11654551.59689265,-0.034812179596660546,0.00916764716830275,12185603.84332534,16.31576588216201,0.4478757146385978,0.6417399235246489,10.709677419354838
BU_10,2023-08-01,11654551.59689265,12279143.419675397,0.05359209383476211,0.06765864840157314,12443082.805664802,16.336675508900626,0.4346430270598236,0.6592829146876668,11.5
BU_10,2023-09-01,12279143.419675397,13205345.15426708,0.07542885549390935,0.005707814334321299,12349230.490499407,16.329104391612123,0.4764445613331623,0.729371048991138,11.666666666666666
BU_10,2023-10-01,13205345.15426708,12742265.643069768,-0.035067581027798854,-0.03469820990780139,12747143.316199353,16.360817829282468,0.46843583309780207,0.7149479646278064,12.263157894736842
BU_10,2023-11-01,12742265.643069768,13650155.812419208,0.07125029369037056,0.03434724129259833,13179927.315726671,16.39420564815637,0.4659312228832968,0.6753147325058205,12.30232558139535
BU_10,2023-12-01,13650155.812419208,13140046.77716695,-0.03737019871876846,-0.03557934204403385,13164492.249814788,16.39303385794343,0.46296181075476084,0.6860825985944664,13.113636363636363
BU_10,2024-01-01,13140046.77716695,13805159.980929948,0.05061726301604537,0.023242029425320502,13445448.131011952,16.414151252185697,0.48464228772224704,0.8001925209786251,13.53191489361702
BU_10,2024-02-01,13805159.980929948,13875922.56604338,0.0051258069599469805,-0.029558168249320508,13397104.739504835,16.410549252002838,0.4692172303500233,0.721724331924058,14.142857142857142
BU_10,2024-03-01,13875922.56604338,13809020.46258654,-0.004821452637719394,-0.022476493100641846,13564040.488222666,16.422932840924158,0.45930098535275543,0.7091231578555134,14.557692307692308
BU_10,2024-04-01,13809020.46258654,14038650.726700684,0.016629004550778377,0.016538613089742474,14037402.509165596,16.457236004214693,0.43691732128769656,0.8302515469166744,14.981818181818182
BU_10,2024-05-01,14038650.726700684,14122484.779065724,0.005971660239797332,0.012737824394893007,14217472.594398635,16.469982300900853,0.46447456121359404,0.7802592933603284,15.785714285714286
BU_10,2024-06-01,14122484.779065724,14178752.865089348,0.003984290789042405,0.018200194394295335,14379516.747375198,16.481315373350952,0.4531164989554731,0.7639090257290988,16.785714285714285
BU_10,2024-07-01,14178752.865089348,14445890.225220967,0.018840681029807634,0.02315481574613692,14507059.275190502,16.49014600441628,0.42048496009678676,0.684721186232202,17.526315789473685
BU_10,2024-08-01,14445890.225220967,15204899.070731873,0.05254150721606329,0.03358502454391408,14931055.802993702,16.518953950867896,0.40616471505752016,0.6964699645158691,18.50877192982456
BU_10,2024-09-01,15204899.070731873,14581497.591326708,-0.04100004061224971,-0.006377834091553343,15107924.747079931,16.530730047994354,0.41084376068899064,0.6787176788551408,18.557377049180328
BU_10,2024-10-01,14581497.591326708,15933652.473576805,0.09273086483615911,0.08284470313351257,15789497.430522198,16.574855620719212,0.41646925160733994,0.6851530675627125,19.311475409836067
BU_10,2024-11-01,15933652.473576805,15439078.672772449,-0.03103957498913202,-0.028931430864311655,15472669.108621549,16.554585806790932,0.4130236754647037,0.721414530083819,20.06451612903226
BU_10,2024-12-01,15439078.672772449,16284594.680685626,0.05476466736349272,0.04314506600921852,16105198.741230734,16.59465274310646,0.4083406815196567,0.6625438545794732,19.434782608695652
BU_10,2025-01-01,16284594.680685626,17346926.14444496,0.06523536413339873,-0.009052980817536135,16137170.557420028,16.596635961175153,0.4130284342482094,0.7096444684677311,19.39189189189189
BU_10,2025-02-01,17346926.14444496,16781986.198868148,-0.03256714998799513,-0.06318000795136795,16250947.212707136,16.603661816588843,0.4095605923225253,0.6511494055535668,19.792207792207794
BU_10,2025-03-01,16781986.198868148,16865869.62349584,0.004998420546511293,0.014122169425717337,17018984.251268614,16.64984005837256,0.40316103007357873,0.6632646605725903,20.435897435897434
BU_10,2025-04-01,16865869.62349584,16102926.539909896,-0.045235917306219904,0.004359259394395926,16939392.32409672,16.645152433329443,0.4382605016086075,0.7944717311256253,20.625
BU_10,2025-05-01,16102926.539909896,16553006.838603904,0.02795021747000576,0.06276704885303595,17113659.71671727,16.655387574866886,0.450167283586333,0.8168180847370243,21.02409638554217
BU_10,2025-06-01,16553006.838603904,17159436.05434998,0.03663559265448981,0.030314402924961386,17054801.357528985,16.65194238523235,0.44864503650493204,0.8156713251006714,22.02409638554217
BU_10,2025-07-01,17159436.05434998,16953960.714642733,-0.011974480924456672,-0.01572799099674134,16889552.598578006,16.642205858510373,0.37402425124924654,0.7081327799255951,22.6
BU_10,2025-08-01,16953960.714642733,16381400.492327511,-0.03377147275212897,0.02351088230368953,17352563.289586075,16.66925085110681,0.38911901885315187,0.7001360837415868,22.96590909090909
BU_10,2025-09-01,16381400.492327511,17075683.273761306,0.04238238249281391,0.0706301204137098,17538420.78164581,16.679904562618624,0.3607308414236949,0.674381793754966,23.752808988764045
BU_10,2025-10-01,17075683.273761306,16526278.56434678,-0.0321746837655831,0.03615164453215034,17692997.30561791,16.68867954332946,0.3593137208884019,0.6823170341331558,24.752808988764045
BU_10,2025-11-01,16526278.56434678,17355300.48443745,0.05016385974996058,0.07719720203387574,17802061.029546767,16.694824852909434,0.3566793061278933,0.6889253984500824,25.07608695652174
